customer_id,first_name,last_name,date_of_birth,customer_since,segment,home_branch_code
C0000001,Allen,Douglas,1972-11-01,2026-01-07,RETAIL,BR022
C0000002,Danielle,Zamora,1940-09-07,2011-03-10,RETAIL,BR030
C0000003,Nicolas,Young,1957-11-07,2011-10-27,SMALL_BUSINESS,BR007
C0000004,Suzanne,Russell,1954-04-05,2014-09-22,RETAIL,BR024
C0000005,Christopher,Hood,1942-10-07,2016-08-09,PRIVATE,BR013
C0000006,Mallory,Jimenez,1985-01-20,2018-09-21,RETAIL,BR002
C0000007,Elizabeth,Davenport,1974-09-04,2006-03-28,RETAIL,BR017
C0000008,Ana,English,1971-09-21,2017-12-18,RETAIL,BR042
C0000009,Rhonda,Williams,1980-10-29,2014-02-24,RETAIL,BR013
C0000010,Anthony,Frye,1992-12-10,2005-11-06,RETAIL,BR029
C0000011,Thomas,Garcia,2002-03-16,2023-01-19,RETAIL,BR029
C0000012,Lauren,Banks,1989-08-16,2005-07-11,RETAIL,BR016
C0000013,Jane,Nunez,1982-10-14,2022-05-11,RETAIL,BR026
C0000014,Courtney,Sims,1976-01-21,2024-02-09,RETAIL,BR014
C0000015,Marisa,Allen,1962-04-29,2009-03-20,RETAIL,BR034
C0000016,Shelby,Turner,1965-07-21,2025-10-25,PRIVATE,BR019
C0000017,Craig,Sparks,1942-01-30,2010-07-07,RETAIL,BR021
C0000018,Chad,Garcia,1992-11-08,2000-04-21,RETAIL,BR025
C0000019,Eric,Ramirez,1969-05-17,2001-12-22,RETAIL,BR017
C0000020,Natalie,Smith,1993-03-18,2015-06-26,RETAIL,BR016
C0000021,Sharon,Williams,1969-02-01,2013-02-23,RETAIL,BR033
C0000022,Erin,Peterson,1955-11-17,2002-06-15,SMALL_BUSINESS,BR005
C0000023,Nathan,Chapman,1966-07-20,2001-01-29,RETAIL,BR005
C0000024,Katherine,Newman,1988-09-23,2011-05-06,RETAIL,BR001
C0000025,Kimberly,Cooley,1969-09-09,2013-12-07,RETAIL,BR016
C0000026,Angela,Bray,1990-03-19,2011-07-13,RETAIL,BR028
C0000027,Matthew,Smith,1952-12-07,2013-04-05,RETAIL,BR030
C0000028,Sheila,Evans,1989-02-20,2019-08-04,RETAIL,BR005
C0000029,Kathryn,Juarez,1990-12-05,2007-03-14,RETAIL,BR008
C0000030,Timothy,Moore,1963-02-21,1997-05-26,RETAIL,BR003
C0000031,Paul,Long,1941-03-04,2009-09-20,RETAIL,BR016
C0000032,Patricia,Vaughn,2000-05-13,2020-12-09,RETAIL,BR009
C0000033,Elizabeth,Moyer,1968-04-08,2009-12-19,RETAIL,BR012
C0000034,Jesse,Nunez,1956-11-27,1999-09-28,RETAIL,BR021
C0000035,Jonathan,Thomas,1998-04-01,2008-01-19,RETAIL,BR027
C0000036,Janet,Flores,1984-09-21,2009-10-21,SMALL_BUSINESS,BR006
C0000037,Melissa,Gonzalez,1983-09-19,2002-02-16,RETAIL,BR039
C0000038,Timothy,Martinez,2000-07-23,2017-01-22,PRIVATE,BR039
C0000039,Hannah,Hopkins,1956-05-12,2008-01-09,RETAIL,BR034
C0000040,Kelly,Vargas,1957-08-10,2002-03-25,RETAIL,BR028
C0000041,Kimberly,Meyers,1943-10-31,1999-04-27,SMALL_BUSINESS,BR042
C0000042,Mike,Castillo,1999-02-18,2009-07-22,SMALL_BUSINESS,BR024
C0000043,Matthew,Pace,1960-07-27,2025-03-29,SMALL_BUSINESS,BR006
C0000044,Aaron,Manning,1968-10-07,2009-11-03,RETAIL,BR038
C0000045,Julie,Dean,1990-12-01,2024-06-12,RETAIL,BR013
C0000046,Anthony,Rodriguez,1950-02-21,2019-07-19,RETAIL,BR012
C0000047,Patrick,Davidson,2004-01-15,2013-02-27,RETAIL,BR014
C0000048,Amber,Mitchell,1954-03-02,2004-11-01,RETAIL,BR002
C0000049,Darryl,Phillips,1980-05-11,2016-12-15,RETAIL,BR015
C0000050,Theresa,Morales,1982-03-24,2006-10-02,RETAIL,BR002
C0000051,Phillip,Bowers,1941-01-26,2007-08-21,PRIVATE,BR041
C0000052,Michael,Anderson,1946-03-28,2000-12-28,RETAIL,BR003
C0000053,Christine,Henderson,1998-10-19,2009-06-21,RETAIL,BR037
C0000054,Christina,Campbell,1947-07-09,2009-03-04,RETAIL,BR036
C0000055,Tony,Davis,1954-07-06,2021-01-15,SMALL_BUSINESS,BR042
C0000056,Lisa,Pham,1951-03-03,2025-12-14,RETAIL,BR039
C0000057,Seth,Deleon,1984-05-01,2025-06-17,SMALL_BUSINESS,BR017
C0000058,James,Dixon,1945-07-27,2016-01-15,RETAIL,BR009
C0000059,Adriana,Mcintosh,1950-08-28,1998-05-14,RETAIL,BR008
C0000060,Anthony,Thompson,1940-08-17,2020-09-04,RETAIL,BR029
C0000061,Jenny,Ray,1982-09-23,2012-03-12,SMALL_BUSINESS,BR018
C0000062,Robert,Watts,1945-07-21,2020-07-28,RETAIL,BR013
C0000063,Richard,Cummings,1949-08-07,2013-04-04,RETAIL,BR022
C0000064,Brian,Meadows,1951-11-30,2015-03-16,RETAIL,BR029
C0000065,Daniel,Odom,1982-10-25,2012-03-26,PRIVATE,BR017
C0000066,Kevin,Valencia,1958-12-18,2001-05-12,RETAIL,BR023
C0000067,Lindsey,Dunn,1949-08-16,1997-01-23,RETAIL,BR003
C0000068,Bryce,Wood,1986-08-08,2019-03-26,RETAIL,BR004
C0000069,Tammy,Garza,1982-03-16,2000-06-16,SMALL_BUSINESS,BR042
C0000070,Anthony,Lambert,1985-02-12,2010-03-14,SMALL_BUSINESS,BR019
C0000071,Timothy,Koch,1951-02-08,2001-02-09,RETAIL,BR010
C0000072,Rodney,Gonzales,1981-07-17,2006-07-31,RETAIL,BR015
C0000073,Michelle,Davis,1969-06-24,2019-03-25,RETAIL,BR009
C0000074,Courtney,Choi,1958-05-13,2009-04-02,RETAIL,BR013
C0000075,Lauren,Gonzales,1968-06-10,2008-08-15,RETAIL,BR017
C0000076,Heather,Yates,1977-09-18,2011-01-30,RETAIL,BR039
C0000077,Vickie,Hernandez,1985-12-29,1997-01-28,RETAIL,BR032
C0000078,Nicholas,Benton,1986-05-12,2022-04-14,RETAIL,BR038
C0000079,Kristen,Garcia,1959-11-03,2009-11-11,RETAIL,BR036
C0000080,Brooke,Rodriguez,2000-04-25,2009-03-24,RETAIL,BR002
C0000081,Austin,Harper,1955-01-05,2007-07-21,RETAIL,BR011
C0000082,David,Garcia,1944-04-18,2003-07-10,RETAIL,BR029
C0000083,Tyler,Hogan,1957-09-22,2010-07-20,SMALL_BUSINESS,BR014
C0000084,Christian,Jackson,2001-05-14,2008-11-04,RETAIL,BR002
C0000085,Emily,Jones,1991-10-12,1995-08-31,RETAIL,BR016
C0000086,Christine,Kramer,1944-11-03,2006-08-12,SMALL_BUSINESS,BR022
C0000087,Erin,Simpson,1983-08-21,2019-06-28,RETAIL,BR011
C0000088,Suzanne,Hernandez,1969-03-13,2018-11-05,PRIVATE,BR001
C0000089,Gail,Peters,1995-08-24,2000-06-11,RETAIL,BR004
C0000090,Bill,Mitchell,2004-07-10,1995-01-25,RETAIL,BR012
C0000091,Troy,Dunn,1990-02-22,2001-06-09,RETAIL,BR005
C0000092,John,Armstrong,2000-09-06,1995-12-10,RETAIL,BR006
C0000093,George,Hanson,1986-04-20,2017-01-12,RETAIL,BR002
C0000094,Michael,Dalton,1995-08-26,2020-09-16,RETAIL,BR023
C0000095,Emily,Lewis,1993-01-20,2006-09-03,RETAIL,BR006
C0000096,Roberto,Mullins,2003-07-06,2014-11-23,RETAIL,BR036
C0000097,Richard,Cox,1948-07-29,2023-03-23,RETAIL,BR041
C0000098,Gregory,Young,1995-03-05,2020-05-18,RETAIL,BR020
C0000099,Kelly,Walter,1992-04-30,2017-12-17,RETAIL,BR017
C0000100,Bill,Rodriguez,1954-01-21,2002-06-17,RETAIL,BR019
C0000101,Amanda,Perez,1998-09-03,2004-04-08,RETAIL,BR019
C0000102,Sarah,Patterson,1984-06-05,1995-03-07,RETAIL,BR002
C0000103,Michael,King,1958-02-03,1999-07-14,RETAIL,BR034
C0000104,Angelica,Johnson,1969-03-01,1995-07-27,RETAIL,BR006
C0000105,Cassandra,Foley,1977-08-22,2022-12-12,RETAIL,BR009
C0000106,Jeffrey,Herrera,1980-07-23,2009-10-01,RETAIL,BR022
C0000107,Denise,Rocha,1950-05-07,2008-08-20,SMALL_BUSINESS,BR019
C0000108,Sarah,Olson,1975-02-09,1997-09-11,RETAIL,BR026
C0000109,Matthew,Gomez,1992-03-17,2021-12-07,RETAIL,BR027
C0000110,Robert,Colon,1991-10-30,2000-07-24,RETAIL,BR012
C0000111,Rachel,Patel,1977-05-11,2006-10-24,RETAIL,BR005
C0000112,Timothy,Grant,1967-03-24,2011-09-05,RETAIL,BR021
C0000113,Justin,Franco,1969-01-18,2024-08-08,RETAIL,BR022
C0000114,Jon,Carter,1973-04-10,2001-05-16,RETAIL,BR018
C0000115,Todd,Phillips,1989-01-29,2013-06-08,RETAIL,BR027
C0000116,Daniel,Estrada,1979-02-17,2016-06-24,PRIVATE,BR034
C0000117,John,Scott,1966-11-17,2000-11-06,SMALL_BUSINESS,BR035
C0000118,Alexis,Tran,1974-01-03,2019-04-29,RETAIL,BR026
C0000119,Jill,Quinn,1975-03-23,2016-05-21,RETAIL,BR039
C0000120,Stephanie,Bailey,1997-03-30,2000-02-06,RETAIL,BR038
C0000121,Victor,Carroll,1990-10-03,1995-11-10,RETAIL,BR037
C0000122,Edwin,Young,1965-03-14,2023-07-31,RETAIL,BR014
C0000123,Logan,Allen,1983-05-27,2004-04-25,RETAIL,BR016
C0000124,Michele,Allison,1990-09-18,2015-01-28,RETAIL,BR036
C0000125,Kristin,Fernandez,1959-03-26,2016-12-20,RETAIL,BR006
C0000126,Ruth,Woods,1995-07-22,2010-09-12,RETAIL,BR030
C0000127,Joseph,Vargas,1996-11-16,2005-12-01,RETAIL,BR023
C0000128,Rebecca,Mills,1957-08-31,2008-01-25,RETAIL,BR021
C0000129,Harry,Taylor,1991-05-01,2005-02-07,RETAIL,BR005
C0000130,John,Shannon,1952-08-27,2021-01-22,RETAIL,BR022
C0000131,Amy,Porter,1982-06-24,2003-06-19,SMALL_BUSINESS,BR025
C0000132,Jay,Kim,1976-05-17,2024-07-29,RETAIL,BR026
C0000133,Lisa,Butler,1998-02-01,1999-04-01,RETAIL,BR022
C0000134,Denise,Williams,1959-09-25,2000-02-23,SMALL_BUSINESS,BR035
C0000135,Samuel,Huff,1992-03-22,2026-07-26,RETAIL,BR027
C0000136,Justin,Jones,1979-02-19,2017-05-10,RETAIL,BR007
C0000137,Francisco,Hayes,1996-08-08,2013-03-04,RETAIL,BR038
C0000138,Meghan,Wu,1952-10-20,2003-03-01,RETAIL,BR006
C0000139,William,Gonzales,1984-05-10,2025-09-26,RETAIL,BR021
C0000140,Joshua,Weiss,1955-04-19,2008-05-21,RETAIL,BR009
C0000141,Daniel,Wilson,1998-09-29,2021-04-19,RETAIL,BR020
C0000142,Anthony,Cantu,1981-01-21,2012-01-19,RETAIL,BR037
C0000143,Danielle,Moore,1952-09-24,2006-10-16,RETAIL,BR040
C0000144,Aaron,Williams,1999-10-28,2005-12-31,RETAIL,BR005
C0000145,John,Ramos,1985-03-11,2000-06-20,RETAIL,BR007
C0000146,Kelly,Dennis,1994-09-07,2008-05-29,RETAIL,BR026
C0000147,Robert,Duran,1998-03-25,2015-01-23,RETAIL,BR010
C0000148,Amy,Clark,1974-06-06,2009-05-28,RETAIL,BR027
C0000149,Dennis,Harper,1963-01-13,2024-11-16,RETAIL,BR007
C0000150,Natalie,Salinas,1971-01-22,1998-05-07,RETAIL,BR007
C0000151,Katrina,Mendez,1949-06-11,1998-11-29,RETAIL,BR010
C0000152,Henry,Green,1999-04-26,2009-06-16,SMALL_BUSINESS,BR027
C0000153,Jennifer,Turner,1978-11-21,2024-01-02,RETAIL,BR024
C0000154,Ian,Sanchez,1951-12-14,2024-10-27,RETAIL,BR015
C0000155,Paula,Lyons,2001-10-07,2022-03-10,RETAIL,BR003
C0000156,Carlos,Clark,1954-09-03,1997-06-05,SMALL_BUSINESS,BR033
C0000157,Dawn,Flowers,1979-01-15,1999-09-21,RETAIL,BR017
C0000158,David,Miller,1942-07-27,1998-06-03,RETAIL,BR011
C0000159,Michaela,Morales,1963-10-04,2002-02-26,RETAIL,BR034
C0000160,Brittany,Daniels,1984-07-15,2000-01-19,RETAIL,BR026
C0000161,Andrea,Burns,1955-07-03,2017-11-20,RETAIL,BR006
C0000162,Leslie,Cantu,1969-01-03,2017-10-18,RETAIL,BR029
C0000163,Karen,Brennan,1989-09-09,2018-09-11,RETAIL,BR022
C0000164,Todd,Wilkinson,1984-05-17,2013-01-22,RETAIL,BR006
C0000165,Jeffrey,Franklin,1945-09-16,2021-01-25,RETAIL,BR014
C0000166,Michael,Singleton,1952-01-15,2013-02-20,RETAIL,BR038
C0000167,Michael,Brown,2003-03-13,2006-02-19,RETAIL,BR022
C0000168,David,King,1984-02-08,2011-12-23,SMALL_BUSINESS,BR037
C0000169,Gregory,Welch,1999-12-19,2010-05-29,RETAIL,BR010
C0000170,Susan,Ball,1974-05-18,2025-05-28,RETAIL,BR015
C0000171,Amanda,Mendez,1984-01-07,2007-02-07,RETAIL,BR008
C0000172,Cassandra,Harper,1998-03-08,2018-12-18,RETAIL,BR009
C0000173,Stephanie,Hall,1976-07-02,1998-04-12,RETAIL,BR024
C0000174,Jeff,Cooley,1968-09-19,1996-03-15,RETAIL,BR010
C0000175,Steven,Best,1944-07-18,2001-12-05,RETAIL,BR018
C0000176,Beth,Hendricks,1980-08-29,2006-07-09,RETAIL,BR018
C0000177,Jessica,Gonzalez,1975-06-11,2019-01-23,RETAIL,BR023
C0000178,Richard,Parker,1949-09-02,2010-11-12,RETAIL,BR009
C0000179,Daniel,King,1991-04-07,2014-08-10,SMALL_BUSINESS,BR019
C0000180,Marcia,Williams,1967-12-16,2012-03-24,RETAIL,BR025
C0000181,John,Erickson,1964-10-02,2003-11-03,RETAIL,BR028
C0000182,Taylor,Spencer,1996-04-09,2019-02-22,RETAIL,BR032
C0000183,Jason,Johnson,1973-12-17,1999-04-12,RETAIL,BR003
C0000184,April,Harrington,1983-07-13,2017-05-14,RETAIL,BR041
C0000185,Alicia,Andrews,1970-09-27,2001-06-09,RETAIL,BR020
C0000186,Gary,Figueroa,1971-05-20,2007-04-14,RETAIL,BR011
C0000187,Kevin,Thompson,1945-02-10,1998-01-31,SMALL_BUSINESS,BR008
C0000188,Debra,Mcneil,1978-04-24,2014-12-10,RETAIL,BR020
C0000189,Kimberly,Nolan,1991-03-30,2005-04-11,RETAIL,BR008
C0000190,Pedro,Stewart,1978-07-20,1999-02-28,SMALL_BUSINESS,BR041
C0000191,Alice,Owen,1955-04-20,2012-12-08,RETAIL,BR040
C0000192,Christopher,Brooks,1978-09-13,2010-06-21,RETAIL,BR001
C0000193,Kevin,Gordon,1945-06-03,2008-04-10,RETAIL,BR003
C0000194,Elizabeth,Roberts,1977-11-08,2022-10-08,RETAIL,BR040
C0000195,Frank,Nelson,1946-02-23,1996-03-10,SMALL_BUSINESS,BR040
C0000196,Adrian,Dunn,1963-11-13,2026-03-03,RETAIL,BR036
C0000197,David,Barnes,1955-06-10,2025-08-19,RETAIL,BR025
C0000198,Jessica,Johnson,1957-11-19,2007-11-27,SMALL_BUSINESS,BR001
C0000199,Robert,Hernandez,1959-07-22,2016-09-21,RETAIL,BR037
C0000200,Amber,Meyer,2003-11-06,1997-06-10,RETAIL,BR017
C0000201,Patricia,Romero,1999-06-26,2012-10-12,RETAIL,BR014
C0000202,Gregory,Mathews,1956-07-22,2013-07-13,RETAIL,BR013
C0000203,Michelle,Sanchez,1960-12-12,2007-06-10,RETAIL,BR010
C0000204,Paul,Schultz,2000-05-21,2009-09-30,RETAIL,BR041
C0000205,Christopher,Carter,2004-07-14,2020-12-15,RETAIL,BR002
C0000206,Raymond,Marshall,1944-09-12,2012-01-28,RETAIL,BR016
C0000207,Jennifer,Jimenez,1983-12-11,2022-02-12,RETAIL,BR029
C0000208,Kelly,Price,1961-08-02,2019-07-05,SMALL_BUSINESS,BR028
C0000209,Alex,Miller,1955-08-06,2025-10-16,RETAIL,BR042
C0000210,Michael,Salinas,2000-12-04,2002-10-28,RETAIL,BR026
C0000211,Richard,Stewart,1991-04-07,2007-10-13,RETAIL,BR018
C0000212,Marissa,Villa,1960-12-04,2017-02-09,RETAIL,BR011
C0000213,Caleb,Wright,1986-10-05,1999-03-11,RETAIL,BR038
C0000214,Justin,Cohen,1986-07-10,1995-05-31,RETAIL,BR011
C0000215,Kenneth,Simpson,1941-05-16,2009-04-20,RETAIL,BR029
C0000216,Timothy,Mason,1966-07-30,2001-10-06,PRIVATE,BR041
C0000217,Steven,Allison,1943-03-31,2017-01-23,RETAIL,BR005
C0000218,Christopher,Bennett,1949-08-13,2001-01-07,RETAIL,BR029
C0000219,Michael,Russo,2000-06-22,2014-04-21,RETAIL,BR040
C0000220,Daniel,Price,1949-08-13,1997-09-21,RETAIL,BR012
C0000221,Diane,Mueller,1972-09-12,2007-12-20,RETAIL,BR007
C0000222,Rebecca,Anderson,2000-03-02,2014-01-16,RETAIL,BR027
C0000223,Jeremy,Reynolds,1947-03-06,1995-08-10,RETAIL,BR022
C0000224,Jessica,Scott,1948-06-07,2008-06-16,RETAIL,BR017
C0000225,Lauren,Johnson,1983-08-30,2011-02-26,RETAIL,BR038
C0000226,Daniel,Jones,2002-04-15,1997-11-08,RETAIL,BR021
C0000227,Rachael,White,1995-09-21,2006-01-15,RETAIL,BR031
C0000228,Robert,Gardner,1986-04-10,2022-10-18,SMALL_BUSINESS,BR040
C0000229,Spencer,Santos,1990-08-10,2012-01-14,PRIVATE,BR015
C0000230,Robert,Adams,1977-08-18,2000-03-15,RETAIL,BR034
C0000231,Cesar,Park,1968-09-02,2018-01-18,RETAIL,BR010
C0000232,Carl,Ellison,1975-12-03,1999-04-15,RETAIL,BR006
C0000233,James,Stanley,1986-10-10,2004-07-20,RETAIL,BR037
C0000234,Leah,Clements,1959-06-10,2015-06-13,RETAIL,BR036
C0000235,Rachael,Parker,1964-05-27,2011-11-15,RETAIL,BR019
C0000236,Vincent,Nelson,1948-01-19,2007-08-27,SMALL_BUSINESS,BR007
C0000237,Marcus,Simon,1997-04-23,2010-11-06,RETAIL,BR037
C0000238,Matthew,Santiago,1951-05-07,1999-06-05,RETAIL,BR016
C0000239,Robert,Stone,1974-01-14,2017-08-17,RETAIL,BR026
C0000240,Jason,Thompson,1958-10-02,1997-06-29,RETAIL,BR023
C0000241,Kelly,Evans,2003-11-23,2018-07-15,RETAIL,BR011
C0000242,William,Johnson,1987-06-05,2020-03-18,RETAIL,BR040
C0000243,Gerald,Barnes,1944-01-06,2017-03-14,RETAIL,BR012
C0000244,Ryan,Hernandez,1966-02-05,1998-11-28,RETAIL,BR023
C0000245,Kayla,Norris,1988-03-03,2011-09-27,RETAIL,BR008
C0000246,Kathleen,Mahoney,1965-10-04,1998-10-25,RETAIL,BR020
C0000247,Christopher,Luna,1970-05-30,2015-03-07,RETAIL,BR014
C0000248,Rick,Middleton,1951-01-21,2002-06-04,RETAIL,BR018
C0000249,Michelle,Miller,1962-12-25,2006-07-27,RETAIL,BR006
C0000250,Stephanie,Howe,1949-09-07,2017-10-24,RETAIL,BR019
C0000251,Virginia,Zavala,1988-05-28,1996-03-28,RETAIL,BR040
C0000252,Jenna,Richardson,1952-09-14,2024-05-01,RETAIL,BR032
C0000253,Eduardo,Jimenez,1941-12-25,2016-06-22,RETAIL,BR014
C0000254,Sarah,Thomas,1990-03-02,2022-10-18,RETAIL,BR027
C0000255,Samantha,Beard,1984-06-22,2001-07-17,RETAIL,BR037
C0000256,Alexis,Thomas,1984-03-17,2021-09-30,RETAIL,BR025
C0000257,Ariana,Mckenzie,1955-08-26,2018-05-27,RETAIL,BR018
C0000258,Lori,Caldwell,1956-06-20,2005-06-10,RETAIL,BR011
C0000259,Gerald,Jones,1993-08-30,1996-11-01,RETAIL,BR024
C0000260,William,Hoover,1997-03-21,1998-01-14,RETAIL,BR029
C0000261,Eric,Richardson,1960-12-23,1997-09-12,RETAIL,BR030
C0000262,Robert,Andrade,2000-05-20,2004-07-23,RETAIL,BR021
C0000263,Travis,Nelson,1994-06-03,2012-10-05,RETAIL,BR029
C0000264,Michael,Sims,1954-04-15,2022-12-16,SMALL_BUSINESS,BR004
C0000265,Christopher,Wood,1949-04-30,2001-03-12,RETAIL,BR030
C0000266,Alexis,Young,1979-04-05,2009-02-11,RETAIL,BR019
C0000267,Aaron,Carpenter,1986-08-06,2017-10-18,RETAIL,BR025
C0000268,Rebecca,Evans,1951-07-16,2001-05-09,RETAIL,BR011
C0000269,Joe,Fox,1997-01-03,1999-08-21,RETAIL,BR026
C0000270,Walter,Fisher,1995-03-07,2011-05-01,RETAIL,BR014
C0000271,Valerie,Gilmore,1959-06-23,2021-09-05,SMALL_BUSINESS,BR001
C0000272,Madison,Brooks,1980-11-20,2015-06-19,RETAIL,BR027
C0000273,Kylie,Doyle,1949-02-18,2016-09-21,RETAIL,BR040
C0000274,James,Dixon,2001-10-13,2010-10-18,RETAIL,BR035
C0000275,Richard,Lowe,1975-12-11,2023-04-30,RETAIL,BR009
C0000276,Brian,Mcintyre,1951-02-05,2024-04-14,RETAIL,BR012
C0000277,Timothy,Clark,1956-04-11,1997-03-10,RETAIL,BR042
C0000278,Antonio,Velazquez,1965-04-23,2009-06-02,RETAIL,BR007
C0000279,Nicholas,Taylor,1946-06-23,2015-03-20,RETAIL,BR021
C0000280,Jennifer,Brennan,1950-12-28,2007-10-22,RETAIL,BR007
C0000281,Brandon,Banks,1942-04-02,1995-05-02,RETAIL,BR029
C0000282,Stephanie,Allen,1999-05-10,2024-06-29,RETAIL,BR005
C0000283,James,Campos,1998-11-25,2024-01-29,RETAIL,BR023
C0000284,John,Clark,1960-01-05,2021-10-26,RETAIL,BR010
C0000285,John,Higgins,1984-06-22,2009-02-20,SMALL_BUSINESS,BR021
C0000286,Samuel,Nelson,1960-12-04,2005-08-23,RETAIL,BR006
C0000287,Laura,Berry,1999-10-01,1997-08-27,RETAIL,BR035
C0000288,Anthony,Walker,1946-06-28,1996-01-30,RETAIL,BR020
C0000289,Meagan,Griffith,1997-11-02,2025-06-15,RETAIL,BR030
C0000290,Natalie,Fox,1997-11-11,2018-07-17,RETAIL,BR005
C0000291,Carolyn,Jones,1999-05-28,2021-09-16,RETAIL,BR042
C0000292,Tony,Swanson,1997-09-24,2001-07-31,RETAIL,BR028
C0000293,Brian,Jackson,1983-07-05,2000-09-16,SMALL_BUSINESS,BR009
C0000294,Emily,Davis,1996-04-12,2007-01-02,RETAIL,BR015
C0000295,Heather,Brown,1997-08-18,2002-05-21,RETAIL,BR033
C0000296,Kristen,English,2003-06-15,1999-04-03,SMALL_BUSINESS,BR032
C0000297,Brandi,Cooper,1980-07-28,2002-09-14,RETAIL,BR041
C0000298,John,Pruitt,1969-10-17,2016-07-16,RETAIL,BR008
C0000299,Scott,Garcia,1952-08-26,2019-07-03,RETAIL,BR039
C0000300,Mary,Douglas,1958-02-22,2000-06-05,RETAIL,BR040
C0000301,Tiffany,Morales,1981-01-02,2018-12-19,RETAIL,BR005
C0000302,Andrew,Alvarez,1944-07-07,1999-11-22,RETAIL,BR025
C0000303,Kristen,Lucero,1967-01-17,2006-12-09,RETAIL,BR030
C0000304,Francisco,Ho,2004-04-30,2015-10-01,RETAIL,BR018
C0000305,Carolyn,Sutton,1940-10-19,2005-06-02,SMALL_BUSINESS,BR008
C0000306,Deborah,Foster,1956-07-10,1996-06-16,SMALL_BUSINESS,BR006
C0000307,John,Oneill,1956-03-07,2007-12-09,RETAIL,BR004
C0000308,Richard,Johnson,1978-07-17,2021-11-07,RETAIL,BR036
C0000309,Abigail,Garrett,1970-10-09,2018-02-07,RETAIL,BR027
C0000310,Aaron,Joseph,1975-02-14,2001-12-04,SMALL_BUSINESS,BR003
C0000311,Tiffany,Johnson,2004-09-06,2021-10-25,RETAIL,BR002
C0000312,Justin,Dawson,1967-02-27,2017-03-14,RETAIL,BR005
C0000313,Andrew,Leon,2001-03-22,2009-08-22,RETAIL,BR023
C0000314,Robert,Sawyer,1995-09-10,2007-11-10,PRIVATE,BR023
C0000315,Shelby,Alvarado,1949-01-23,2017-06-08,RETAIL,BR041
C0000316,Steven,Johnson,1975-03-15,2017-05-01,SMALL_BUSINESS,BR009
C0000317,Laura,Garcia,2004-09-09,2006-03-07,RETAIL,BR024
C0000318,Rebecca,Rhodes,1972-05-13,2024-05-08,RETAIL,BR014
C0000319,Gabriela,Ramirez,1956-07-05,1997-10-26,RETAIL,BR038
C0000320,Megan,Lewis,1947-09-23,2006-04-02,RETAIL,BR006
C0000321,Benjamin,Townsend,1985-06-16,2024-06-09,RETAIL,BR029
C0000322,Thomas,Perez,1973-10-09,2007-03-31,RETAIL,BR013
C0000323,Jessica,Thomas,1945-07-24,2019-01-27,SMALL_BUSINESS,BR033
C0000324,Mark,Rhodes,1982-03-02,2000-03-29,RETAIL,BR024
C0000325,Thomas,Rodriguez,1976-11-22,2004-04-03,RETAIL,BR030
C0000326,William,Smith,2002-02-17,2019-05-27,RETAIL,BR030
C0000327,Stephanie,Carter,1949-11-10,2008-11-14,RETAIL,BR002
C0000328,Daniel,Herring,1989-08-13,2012-10-26,SMALL_BUSINESS,BR011
C0000329,Meghan,Vazquez,2004-03-16,2025-02-24,RETAIL,BR009
C0000330,Audrey,Freeman,1947-11-04,1998-08-04,RETAIL,BR017
C0000331,Cynthia,Myers,1964-12-25,1997-07-01,RETAIL,BR042
C0000332,Jennifer,Paul,1971-09-21,2024-09-20,RETAIL,BR041
C0000333,Shannon,Morales,1967-04-07,2026-07-19,RETAIL,BR030
C0000334,Desiree,Ortega,1980-02-19,2023-08-03,RETAIL,BR020
C0000335,Bobby,Wilson,1995-04-26,2024-04-26,RETAIL,BR025
C0000336,Jordan,Collins,1983-04-26,2025-02-27,PRIVATE,BR034
C0000337,Doris,Butler,1964-01-10,2000-10-29,SMALL_BUSINESS,BR018
C0000338,Melissa,Reed,1947-09-21,2015-10-29,RETAIL,BR027
C0000339,Andrea,Valdez,1946-08-23,2021-08-12,RETAIL,BR011
C0000340,Jacob,Johnson,1994-02-16,2020-10-16,RETAIL,BR022
C0000341,Judy,Wright,1961-12-10,2003-05-03,RETAIL,BR017
C0000342,Manuel,Leonard,2003-10-17,2020-08-24,PRIVATE,BR039
C0000343,Brittney,Jackson,1943-12-01,2022-11-01,RETAIL,BR025
C0000344,Melanie,Leach,1979-07-25,2019-12-26,SMALL_BUSINESS,BR024
C0000345,Sylvia,Alvarez,1946-08-04,2007-01-11,SMALL_BUSINESS,BR040
C0000346,Dustin,Mccall,1999-12-31,1995-08-23,RETAIL,BR042
C0000347,Sandra,Gray,1979-11-16,2023-03-14,RETAIL,BR031
C0000348,Fernando,Wilson,1997-11-08,2024-02-19,RETAIL,BR013
C0000349,Kristin,Rodriguez,2002-06-13,1995-05-08,RETAIL,BR019
C0000350,Meghan,Burgess,1973-08-11,2021-11-22,SMALL_BUSINESS,BR017
C0000351,Bobby,Anderson,1947-10-09,2002-08-01,RETAIL,BR018
C0000352,Hailey,Brown,1941-06-12,2017-01-10,SMALL_BUSINESS,BR024
C0000353,Kristin,Allen,1989-06-29,1997-05-12,RETAIL,BR028
C0000354,Kenneth,Huerta,1992-07-22,2013-04-16,RETAIL,BR012
C0000355,David,Baker,1975-01-11,1996-08-28,RETAIL,BR008
C0000356,Jose,Chen,1975-11-14,1999-05-01,SMALL_BUSINESS,BR025
C0000357,Albert,Wood,1986-08-13,1999-02-14,RETAIL,BR010
C0000358,Julian,Young,1968-12-01,2012-10-22,RETAIL,BR005
C0000359,Tiffany,Olsen,1943-11-20,2014-02-21,RETAIL,BR001
C0000360,Stephanie,Robinson,1954-12-27,2012-03-22,SMALL_BUSINESS,BR025
C0000361,Eric,Jordan,1970-07-16,2014-01-14,RETAIL,BR042
C0000362,Travis,Myers,1969-05-26,1998-07-03,PRIVATE,BR015
C0000363,Tanner,Wheeler,1942-01-17,2014-12-11,RETAIL,BR006
C0000364,Cynthia,Walsh,1996-03-21,2003-08-13,RETAIL,BR028
C0000365,Michelle,Barber,1962-10-27,2008-11-26,RETAIL,BR023
C0000366,Clinton,Murphy,1998-07-06,1999-05-22,RETAIL,BR019
C0000367,Mitchell,Campbell,1948-01-28,2018-12-30,RETAIL,BR025
C0000368,Corey,Lawson,1984-01-14,2009-09-05,RETAIL,BR022
C0000369,Jeremy,Cameron,1941-08-01,2018-04-29,SMALL_BUSINESS,BR012
C0000370,Melissa,Gibbs,1993-04-28,2018-04-09,RETAIL,BR020
C0000371,Alicia,Patterson,1940-04-02,2022-02-03,SMALL_BUSINESS,BR017
C0000372,Andrea,Mitchell,1998-07-26,1999-04-12,RETAIL,BR012
C0000373,John,Bowers,1997-03-05,1995-11-08,RETAIL,BR020
C0000374,Andrew,Schneider,1952-08-20,1997-03-14,SMALL_BUSINESS,BR004
C0000375,Natasha,Adkins,1953-05-23,1995-11-09,RETAIL,BR022
C0000376,Ryan,Adams,2003-12-22,2025-05-18,RETAIL,BR017
C0000377,Alexandra,Hawkins,1968-02-07,2025-11-25,RETAIL,BR003
C0000378,Alejandra,Lambert,1963-02-26,2001-09-20,RETAIL,BR028
C0000379,Philip,Andrews,1979-04-13,2002-09-27,RETAIL,BR017
C0000380,Valerie,Collins,1957-01-04,2008-09-12,RETAIL,BR023
C0000381,Jason,Lopez,1996-01-27,1996-11-07,RETAIL,BR025
C0000382,Misty,Nichols,1947-12-17,2017-03-13,RETAIL,BR038
C0000383,Anita,Nguyen,1971-02-14,2010-04-18,RETAIL,BR028
C0000384,Lindsay,Figueroa,1995-03-31,2018-05-11,RETAIL,BR014
C0000385,William,Robertson,1981-06-27,2006-10-15,RETAIL,BR034
C0000386,Adam,Berry,1966-07-20,2018-05-08,SMALL_BUSINESS,BR007
C0000387,Stephanie,Peters,1984-04-01,2012-08-13,SMALL_BUSINESS,BR034
C0000388,Jeremy,Parker,1980-08-04,1995-05-19,RETAIL,BR022
C0000389,Charles,Rose,1950-08-05,2012-05-03,RETAIL,BR010
C0000390,Brenda,Baird,1993-07-17,2005-05-04,SMALL_BUSINESS,BR009
C0000391,Kenneth,Ross,1964-04-20,2023-05-24,RETAIL,BR008
C0000392,Janet,Madden,1979-01-22,2023-08-29,RETAIL,BR039
C0000393,Marcus,Rodriguez,1982-10-31,1998-07-02,SMALL_BUSINESS,BR031
C0000394,Rachel,Tucker,1996-12-17,2021-05-21,RETAIL,BR033
C0000395,Jeffrey,Gonzalez,1970-11-11,2011-11-02,RETAIL,BR023
C0000396,Sean,Davis,1990-04-12,2010-03-09,RETAIL,BR006
C0000397,David,Wilson,1973-02-25,2006-10-14,RETAIL,BR011
C0000398,James,Stephens,1996-12-20,2015-08-09,RETAIL,BR017
C0000399,Catherine,Carter,1994-02-05,1999-08-14,RETAIL,BR029
C0000400,David,Gilbert,1947-03-23,2025-11-04,RETAIL,BR030
C0000401,Stephen,Myers,1958-05-03,1998-02-23,RETAIL,BR036
C0000402,Ryan,Jones,1975-12-12,1997-05-05,RETAIL,BR009
C0000403,Patrick,Allen,1964-07-17,1997-12-12,RETAIL,BR009
C0000404,Sabrina,Davila,1959-06-04,1999-11-16,RETAIL,BR008
C0000405,Jerry,Ray,1941-11-06,2015-01-26,RETAIL,BR033
C0000406,Helen,May,1943-09-17,2017-06-22,RETAIL,BR001
C0000407,Casey,Sexton,1969-10-13,1998-08-15,RETAIL,BR042
C0000408,Mark,Wells,1941-03-14,1996-12-15,RETAIL,BR021
C0000409,Amanda,Miller,1966-06-05,2007-05-21,RETAIL,BR031
C0000410,Susan,Gonzales,1940-11-19,1996-08-22,RETAIL,BR005
C0000411,Carl,Blackburn,1974-03-14,2018-09-24,RETAIL,BR029
C0000412,Michelle,Hall,1961-07-23,2011-01-02,RETAIL,BR020
C0000413,Elaine,Murray,1983-05-11,2008-05-04,RETAIL,BR041
C0000414,Jerry,Hernandez,1952-01-15,2011-08-28,RETAIL,BR023
C0000415,Alexis,Snyder,1972-06-16,2019-05-09,RETAIL,BR008
C0000416,Barbara,Hurley,1950-05-12,2012-07-03,PRIVATE,BR031
C0000417,Danielle,James,1972-01-12,2012-01-03,RETAIL,BR034
C0000418,Wanda,Smith,1956-04-24,2015-06-10,RETAIL,BR012
C0000419,David,Thompson,1972-06-17,2003-06-14,RETAIL,BR013
C0000420,Jeffrey,Walter,1951-10-13,2003-08-20,RETAIL,BR016
C0000421,Leonard,Arnold,1949-03-03,2014-06-12,RETAIL,BR023
C0000422,John,Miller,1992-06-04,2006-01-15,SMALL_BUSINESS,BR030
C0000423,Daniel,Welch,1995-03-24,2000-09-02,PRIVATE,BR015
C0000424,Jeffrey,Clay,1992-04-02,2010-05-12,RETAIL,BR008
C0000425,Todd,Davis,1983-08-10,2013-09-26,SMALL_BUSINESS,BR026
C0000426,David,Mcdonald,1983-11-21,2025-02-13,RETAIL,BR025
C0000427,Sarah,Crawford,1995-11-28,2023-02-14,RETAIL,BR039
C0000428,Lisa,Austin,1995-06-19,1997-11-12,SMALL_BUSINESS,BR033
C0000429,Amy,Ross,1944-06-01,2018-03-30,RETAIL,BR010
C0000430,Robin,Miller,1942-01-06,2018-05-02,RETAIL,BR024
C0000431,Kristin,Baker,1947-08-11,2025-11-03,RETAIL,BR041
C0000432,Angela,Hunter,1978-08-08,2017-03-12,RETAIL,BR031
C0000433,Kayla,Nelson,1950-12-21,2001-10-14,RETAIL,BR022
C0000434,Dylan,Stevens,2004-08-17,2008-02-08,RETAIL,BR002
C0000435,Kathleen,Evans,1989-05-01,2011-03-01,SMALL_BUSINESS,BR002
C0000436,Lisa,Wood,1944-09-08,2024-02-12,RETAIL,BR012
C0000437,Amanda,Frye,1954-01-02,2020-10-31,RETAIL,BR028
C0000438,Nicole,Alexander,1946-03-13,2014-04-12,RETAIL,BR034
C0000439,Michael,Mendez,1944-08-19,2013-08-21,PRIVATE,BR020
C0000440,Christopher,Anderson,1995-04-24,2018-12-18,RETAIL,BR006
C0000441,Bryan,Peterson,1955-04-29,1997-09-01,RETAIL,BR026
C0000442,Chelsea,Guzman,1997-02-11,2018-01-23,RETAIL,BR040
C0000443,Randy,Marsh,2002-06-12,2003-11-11,RETAIL,BR019
C0000444,Matthew,Dawson,1983-04-24,2020-09-20,RETAIL,BR029
C0000445,Jennifer,Franco,1950-08-13,2011-02-18,RETAIL,BR034
C0000446,Karla,West,1943-08-25,1999-10-16,RETAIL,BR031
C0000447,Cynthia,Navarro,1942-05-07,2022-12-31,RETAIL,BR020
C0000448,Craig,Parsons,2001-01-08,2006-06-07,RETAIL,BR023
C0000449,Nathaniel,Hicks,1964-06-19,1999-02-04,RETAIL,BR026
C0000450,Martha,Rodriguez,1960-07-03,2019-04-10,RETAIL,BR024
C0000451,Steven,Leblanc,2004-09-04,2024-10-14,RETAIL,BR032
C0000452,Lisa,Collins,1953-10-12,2023-10-05,RETAIL,BR020
C0000453,Kayla,Rivera,1998-04-13,2011-10-23,RETAIL,BR038
C0000454,Kimberly,Malone,1978-03-17,2002-09-25,RETAIL,BR020
C0000455,Laura,Taylor,1973-03-24,2007-07-01,RETAIL,BR028
C0000456,Donald,Thompson,1982-06-13,2025-03-16,RETAIL,BR027
C0000457,Joshua,Duncan,1979-06-15,1998-12-08,RETAIL,BR002
C0000458,Roberta,Adams,1955-08-25,2011-04-16,RETAIL,BR042
C0000459,Terri,Mccoy,1973-05-06,1999-10-03,RETAIL,BR002
C0000460,Mark,Barrett,1944-08-06,1997-03-04,RETAIL,BR002
C0000461,Kyle,Nash,1978-08-18,2000-08-02,RETAIL,BR037
C0000462,Andrea,Rogers,1998-02-04,2005-09-15,RETAIL,BR020
C0000463,Michelle,Mccarthy,1993-07-29,2003-09-09,RETAIL,BR036
C0000464,Corey,Smith,1962-07-03,2010-08-10,RETAIL,BR032
C0000465,Marissa,York,1946-05-17,2019-11-30,RETAIL,BR036
C0000466,Samantha,Beltran,1982-05-24,2007-08-09,RETAIL,BR027
C0000467,David,Baker,1942-10-19,1995-10-07,RETAIL,BR038
C0000468,Bryan,Williams,1983-02-01,2017-01-18,SMALL_BUSINESS,BR008
C0000469,Courtney,Smith,1993-09-14,2005-01-21,RETAIL,BR028
C0000470,Rita,Nguyen,1959-10-10,2011-12-26,RETAIL,BR008
C0000471,Philip,Ford,1991-09-06,1997-08-14,RETAIL,BR023
C0000472,Mariah,Jordan,1999-02-14,2010-08-26,RETAIL,BR005
C0000473,Kimberly,Arias,1961-08-15,2008-02-21,RETAIL,BR029
C0000474,Monique,Jones,1982-03-09,2022-09-13,RETAIL,BR025
C0000475,Shawn,Hawkins,1974-07-18,2004-05-24,SMALL_BUSINESS,BR014
C0000476,Alexis,Murphy,1982-12-13,2017-04-25,RETAIL,BR013
C0000477,Kim,Higgins,2001-10-14,2015-04-26,RETAIL,BR018
C0000478,Kevin,Thompson,1973-04-30,2007-08-27,RETAIL,BR008
C0000479,Robert,Roman,1958-06-16,2008-08-10,RETAIL,BR011
C0000480,Justin,Turner,1972-09-14,2017-12-02,RETAIL,BR018
C0000481,Walter,Keller,1980-09-14,2017-12-23,RETAIL,BR042
C0000482,Daisy,Johnson,1980-05-27,2007-09-17,RETAIL,BR014
C0000483,Victoria,Hughes,1953-01-14,2001-05-16,RETAIL,BR038
C0000484,Gary,Stone,1956-03-05,2010-01-16,RETAIL,BR018
C0000485,Ian,Robles,1952-01-30,2019-07-27,PRIVATE,BR004
C0000486,Carolyn,Ochoa,1987-08-25,2013-04-12,RETAIL,BR024
C0000487,Matthew,Smith,1961-01-14,2020-06-22,SMALL_BUSINESS,BR013
C0000488,Dustin,Abbott,1949-07-11,2007-07-21,RETAIL,BR019
C0000489,Crystal,Acevedo,1970-01-06,2001-02-27,RETAIL,BR032
C0000490,Jeremiah,Baldwin,1945-05-14,2013-01-10,SMALL_BUSINESS,BR013
C0000491,Melissa,Dean,2003-05-26,2010-10-23,RETAIL,BR026
C0000492,Patricia,Velasquez,1993-02-18,1999-01-26,RETAIL,BR036
C0000493,Tyler,Perez,2003-01-21,2019-06-02,RETAIL,BR026
C0000494,Benjamin,Turner,1986-05-03,2017-01-09,RETAIL,BR014
C0000495,Elizabeth,Jones,1960-04-12,2011-10-06,RETAIL,BR033
C0000496,Benjamin,Bennett,1968-11-08,2000-01-12,RETAIL,BR040
C0000497,Patrick,Mccormick,1948-01-05,2005-05-08,RETAIL,BR032
C0000498,Gregory,Bowman,1958-11-24,1995-10-13,RETAIL,BR040
C0000499,Melinda,Pena,1983-03-02,2005-02-05,RETAIL,BR005
C0000500,Jocelyn,Brown,1967-12-06,2006-01-27,RETAIL,BR021
C0000501,Jody,Garcia,1983-12-28,2025-03-30,RETAIL,BR010
C0000502,Tabitha,Stewart,1990-05-06,2015-03-16,RETAIL,BR004
C0000503,Jessica,Mahoney,1951-07-12,2019-07-17,RETAIL,BR026
C0000504,Donald,Johns,1986-05-28,2019-04-07,RETAIL,BR038
C0000505,Joel,Russo,1968-11-23,2020-11-05,RETAIL,BR007
C0000506,Danielle,Smith,1943-03-19,2010-10-20,RETAIL,BR017
C0000507,Deanna,Hunt,1953-12-06,2007-07-16,RETAIL,BR003
C0000508,Anne,Juarez,1990-05-28,2009-09-22,SMALL_BUSINESS,BR039
C0000509,Jessica,Williams,1987-05-16,2012-07-09,RETAIL,BR019
C0000510,Michael,Quinn,2001-01-17,2009-09-18,RETAIL,BR015
C0000511,Amanda,Gutierrez,1944-07-19,2020-09-07,PRIVATE,BR034
C0000512,Bruce,Rubio,1964-05-26,2009-01-21,RETAIL,BR036
C0000513,Leslie,Bullock,1985-07-04,2003-09-23,SMALL_BUSINESS,BR010
C0000514,Andrea,Williams,1987-07-24,1996-03-08,SMALL_BUSINESS,BR034
C0000515,Thomas,Berger,1977-07-08,2010-10-31,RETAIL,BR042
C0000516,William,Haney,1992-03-11,2006-05-23,RETAIL,BR033
C0000517,Nancy,Becker,2002-09-30,1999-04-29,RETAIL,BR025
C0000518,Brandon,Robertson,1971-07-18,2014-03-05,PRIVATE,BR001
C0000519,William,Johnson,1993-01-24,2007-09-30,RETAIL,BR035
C0000520,Judy,Jones,1971-02-04,2011-05-06,RETAIL,BR016
C0000521,Carolyn,Williams,1971-07-11,2022-07-07,RETAIL,BR037
C0000522,Michelle,Dunn,1984-09-21,2012-05-30,RETAIL,BR041
C0000523,Douglas,Martinez,1999-08-14,1999-03-05,RETAIL,BR035
C0000524,Tammie,Valdez,1975-08-20,2012-08-19,RETAIL,BR017
C0000525,Brianna,Shepherd,1958-01-21,2024-03-02,RETAIL,BR038
C0000526,Amanda,Diaz,1945-04-04,2018-03-01,RETAIL,BR027
C0000527,Caitlin,Velez,1951-11-25,2005-08-08,RETAIL,BR034
C0000528,Jonathan,Proctor,1996-04-09,2001-06-30,SMALL_BUSINESS,BR039
C0000529,Lisa,Wilson,1945-01-14,1997-03-17,RETAIL,BR013
C0000530,Julie,Hays,1997-08-01,1995-06-30,SMALL_BUSINESS,BR035
C0000531,Melanie,Thomas,1988-05-24,2002-11-08,RETAIL,BR017
C0000532,Robin,Garrison,2000-03-10,2012-08-16,SMALL_BUSINESS,BR014
C0000533,Paul,Mosley,1944-12-09,1999-04-25,SMALL_BUSINESS,BR014
C0000534,Jason,Carney,1982-09-10,1999-06-27,RETAIL,BR027
C0000535,Bobby,Calderon,1999-06-30,2026-07-28,RETAIL,BR036
C0000536,Andrew,Martinez,1974-09-28,2015-01-18,RETAIL,BR004
C0000537,Louis,Farrell,2004-11-08,2000-03-02,RETAIL,BR035
C0000538,Amy,Acosta,1945-11-15,2019-04-05,RETAIL,BR009
C0000539,Michael,Nolan,1957-12-04,2008-06-13,RETAIL,BR020
C0000540,Caleb,Vaughn,1954-07-13,2013-12-29,RETAIL,BR017
C0000541,Crystal,Luna,1960-10-26,2015-06-11,RETAIL,BR012
C0000542,Tim,Martin,1995-07-28,2013-01-02,RETAIL,BR025
C0000543,Angela,Hall,1950-04-07,2000-03-11,RETAIL,BR009
C0000544,Sarah,Carroll,1959-09-23,2001-10-14,RETAIL,BR004
C0000545,Tristan,Wong,1999-07-05,2004-06-08,RETAIL,BR028
C0000546,Lacey,Richards,1975-12-19,2016-12-08,RETAIL,BR007
C0000547,Lori,Howell,1981-09-11,1996-03-14,RETAIL,BR033
C0000548,Aaron,Hall,2004-10-16,1995-05-31,RETAIL,BR020
C0000549,Michael,Ramirez,1947-12-10,1997-10-04,RETAIL,BR018
C0000550,Kevin,Schultz,1976-09-18,2016-01-20,RETAIL,BR015
C0000551,Mary,Singh,1968-03-23,2019-10-09,SMALL_BUSINESS,BR028
C0000552,Haley,Brown,1978-12-24,1995-03-10,SMALL_BUSINESS,BR002
C0000553,Jason,Coleman,1980-06-08,1998-07-21,RETAIL,BR019
C0000554,Tammy,Nichols,1973-10-16,2004-09-06,RETAIL,BR017
C0000555,David,Wilson,1967-08-21,2010-04-02,RETAIL,BR003
C0000556,Jennifer,Peters,1962-01-03,2020-12-21,RETAIL,BR014
C0000557,Heather,Ray,1979-07-23,1995-09-05,SMALL_BUSINESS,BR033
C0000558,Sydney,Gibson,1942-01-02,2010-11-10,RETAIL,BR009
C0000559,Tom,Aguirre,1993-04-24,2000-09-14,RETAIL,BR029
C0000560,Matthew,Huber,1977-12-04,2024-10-15,RETAIL,BR016
C0000561,Luis,Ward,1978-05-06,2021-06-10,RETAIL,BR039
C0000562,Linda,Kim,2001-04-07,2002-05-27,RETAIL,BR033
C0000563,Mark,Jackson,1953-07-14,2009-07-06,RETAIL,BR015
C0000564,Stephanie,Green,1979-11-02,2009-10-12,RETAIL,BR025
C0000565,Melissa,Acosta,1958-02-07,2020-02-28,RETAIL,BR036
C0000566,Stephen,Griffin,1990-06-10,2025-05-17,SMALL_BUSINESS,BR010
C0000567,Kimberly,Maldonado,1994-03-21,2009-09-15,RETAIL,BR034
C0000568,James,Mason,1967-11-24,2010-02-24,SMALL_BUSINESS,BR040
C0000569,Gregory,Blair,2002-01-28,1997-07-24,RETAIL,BR014
C0000570,Kara,Edwards,1994-11-27,1997-09-07,RETAIL,BR019
C0000571,Jeffrey,Bradley,1994-11-24,2000-01-04,RETAIL,BR005
C0000572,Elizabeth,Pearson,2000-02-22,2019-04-15,PRIVATE,BR004
C0000573,Jorge,Campbell,1949-04-24,2005-08-17,RETAIL,BR030
C0000574,Jose,Hall,1945-03-08,2017-02-14,RETAIL,BR020
C0000575,Jennifer,Duncan,1948-09-17,2010-11-10,SMALL_BUSINESS,BR026
C0000576,Jason,Williams,1987-01-26,2009-10-01,RETAIL,BR014
C0000577,Justin,Delgado,1988-09-26,2010-05-10,RETAIL,BR017
C0000578,Seth,Ferguson,2004-02-21,2024-03-03,SMALL_BUSINESS,BR003
C0000579,Jose,Santos,1946-02-18,2008-11-20,RETAIL,BR003
C0000580,Brandon,Carr,1971-12-06,1997-12-17,RETAIL,BR025
C0000581,Megan,Benjamin,1950-02-26,2007-09-17,RETAIL,BR036
C0000582,Randy,Howell,1980-12-06,2017-07-18,RETAIL,BR021
C0000583,Megan,Kirby,1998-11-07,2015-08-19,RETAIL,BR023
C0000584,Cindy,Dunlap,1986-06-03,2022-05-14,RETAIL,BR025
C0000585,Sarah,Castro,1968-08-12,2023-09-25,RETAIL,BR034
C0000586,James,Sanchez,1955-10-30,2005-03-04,RETAIL,BR042
C0000587,Austin,Jones,1965-07-22,2014-03-11,RETAIL,BR018
C0000588,Sean,Reyes,1992-05-16,2018-07-30,RETAIL,BR027
C0000589,William,Frank,1992-12-10,2022-05-21,RETAIL,BR012
C0000590,Joshua,Nash,1975-03-08,2008-09-24,RETAIL,BR041
C0000591,Timothy,Harper,1963-04-16,2014-03-02,RETAIL,BR039
C0000592,Rebecca,Donaldson,1984-10-04,2009-11-18,RETAIL,BR010
C0000593,Emma,Conley,1959-08-27,2002-11-10,RETAIL,BR005
C0000594,Jay,Bailey,1976-04-01,1997-08-21,RETAIL,BR012
C0000595,Kari,Johnson,1951-02-22,1998-03-18,RETAIL,BR016
C0000596,Cathy,Oneill,1943-09-20,1996-08-05,RETAIL,BR024
C0000597,Michael,Fisher,1950-10-28,2013-08-04,RETAIL,BR005
C0000598,Sean,Wood,1985-06-23,2018-12-29,RETAIL,BR027
C0000599,Michelle,Dunn,1971-06-01,2018-10-26,RETAIL,BR003
C0000600,Timothy,Yang,1967-11-25,2015-05-07,RETAIL,BR002
C0000601,Norman,Hughes,1948-11-09,2025-04-23,RETAIL,BR001
C0000602,William,Brady,1945-10-30,2026-03-10,RETAIL,BR005
C0000603,Ryan,Moore,1958-07-03,2020-11-17,RETAIL,BR031
C0000604,Julia,Huff,2004-05-09,2020-04-03,SMALL_BUSINESS,BR037
C0000605,Leah,Cooper,2003-02-20,2000-10-23,RETAIL,BR015
C0000606,Christina,Green,1987-04-18,2008-04-24,RETAIL,BR003
C0000607,Brooke,Fuller,1949-02-07,2011-10-22,RETAIL,BR024
C0000608,Albert,Stephenson,1977-11-10,1998-03-22,RETAIL,BR024
C0000609,Mike,Wallace,1942-06-19,2016-02-10,RETAIL,BR022
C0000610,Derek,Allen,1992-08-03,2025-11-29,RETAIL,BR029
C0000611,Natalie,Griffin,1945-12-24,2000-12-10,RETAIL,BR007
C0000612,Robert,Myers,1985-12-21,2003-11-30,SMALL_BUSINESS,BR013
C0000613,Mary,Thomas,1989-01-04,2019-09-11,SMALL_BUSINESS,BR032
C0000614,Nicholas,Davis,1958-06-18,2014-10-14,RETAIL,BR004
C0000615,Derek,Wells,2004-10-25,2012-10-19,RETAIL,BR009
C0000616,Rebecca,Hoffman,1950-06-21,2013-10-02,RETAIL,BR039
C0000617,Alyssa,Macdonald,1986-06-04,2008-01-03,RETAIL,BR027
C0000618,Melissa,Hernandez,1946-06-27,2026-04-07,RETAIL,BR024
C0000619,Tammy,Romero,2000-08-18,1995-09-10,RETAIL,BR017
C0000620,Robert,Yang,1940-11-01,2012-11-20,SMALL_BUSINESS,BR026
C0000621,Michael,King,1965-06-29,2017-10-03,RETAIL,BR022
C0000622,Sean,Thomas,1964-11-08,2019-09-23,SMALL_BUSINESS,BR006
C0000623,Douglas,Mendez,1981-05-22,2021-08-04,RETAIL,BR036
C0000624,Sarah,Mckinney,1985-03-12,2020-08-13,RETAIL,BR022
C0000625,Chad,Evans,1990-11-17,2023-09-20,RETAIL,BR035
C0000626,Nicole,Watkins,1976-03-07,2020-07-06,RETAIL,BR010
C0000627,Margaret,Garcia,2004-12-14,2020-11-04,RETAIL,BR029
C0000628,Natalie,Johnson,1995-06-06,2004-11-07,RETAIL,BR041
C0000629,John,Pearson,1959-06-20,2011-04-06,RETAIL,BR019
C0000630,Sharon,Ward,1983-05-29,2023-05-05,RETAIL,BR006
C0000631,James,Mann,1978-03-13,2006-06-25,RETAIL,BR026
C0000632,Joshua,Robinson,1981-06-13,1995-08-24,SMALL_BUSINESS,BR005
C0000633,Elizabeth,Nichols,1975-06-30,2020-02-12,SMALL_BUSINESS,BR017
C0000634,Jesse,Burke,1973-02-24,2006-11-30,RETAIL,BR031
C0000635,Alexis,Roberson,1978-04-18,2008-02-12,RETAIL,BR038
C0000636,Matthew,Allen,1983-05-08,2012-10-04,RETAIL,BR002
C0000637,Justin,Williams,1971-02-03,2010-02-04,RETAIL,BR036
C0000638,Leonard,Howell,1977-10-21,2020-10-21,RETAIL,BR006
C0000639,Lori,Harrell,1977-12-20,2013-10-30,RETAIL,BR001
C0000640,Jamie,Becker,2004-09-05,2015-03-28,RETAIL,BR040
C0000641,Jennifer,Barrett,1979-09-23,2017-09-21,RETAIL,BR019
C0000642,Elizabeth,Ross,1999-04-14,1997-11-04,RETAIL,BR006
C0000643,Joseph,Dillon,1953-08-05,2012-09-01,RETAIL,BR038
C0000644,Karen,Taylor,1949-05-03,2024-05-30,RETAIL,BR040
C0000645,Jonathan,Ingram,1955-10-20,2009-01-27,RETAIL,BR024
C0000646,Eric,Robinson,1948-05-20,2014-07-11,RETAIL,BR037
C0000647,Heather,Alexander,1992-02-08,2004-02-02,RETAIL,BR041
C0000648,Jamie,Reyes,2004-02-26,2013-12-06,SMALL_BUSINESS,BR031
C0000649,Bryan,Wright,1993-09-12,2023-07-07,RETAIL,BR018
C0000650,Michael,Mcclain,1968-05-04,2016-08-16,RETAIL,BR015
C0000651,Jared,Williams,1968-05-08,1997-10-08,RETAIL,BR019
C0000652,Pamela,Bauer,1963-07-04,2005-06-22,RETAIL,BR038
C0000653,Tracy,Evans,1977-03-15,2010-11-23,RETAIL,BR031
C0000654,Donna,Donovan,1965-04-16,1997-05-01,RETAIL,BR023
C0000655,Matthew,Massey,1976-05-09,2005-06-28,RETAIL,BR024
C0000656,Jamie,Roberts,1999-02-18,2005-11-27,RETAIL,BR012
C0000657,Jeremy,Roman,1995-04-22,2007-12-04,RETAIL,BR017
C0000658,Brandy,Fleming,2004-05-21,2016-05-10,RETAIL,BR008
C0000659,Alexander,Hardy,1971-04-24,1995-08-27,RETAIL,BR011
C0000660,Juan,Salas,1987-02-09,2026-07-03,SMALL_BUSINESS,BR028
C0000661,Jason,Richardson,1954-07-11,2015-10-16,RETAIL,BR012
C0000662,Anthony,Smith,1999-11-28,2026-03-28,RETAIL,BR009
C0000663,Madeline,Kim,1955-06-28,2000-04-27,RETAIL,BR032
C0000664,Sheryl,Jenkins,1995-10-17,2002-02-24,RETAIL,BR024
C0000665,Hailey,Rasmussen,1955-04-29,2007-09-22,RETAIL,BR041
C0000666,Katrina,Johnson,2004-07-08,2001-07-12,RETAIL,BR009
C0000667,Daniel,Hansen,1951-07-06,1999-04-16,RETAIL,BR042
C0000668,Hailey,Smith,1975-12-04,2007-10-21,RETAIL,BR004
C0000669,Jared,Sullivan,1955-06-20,2008-05-16,RETAIL,BR019
C0000670,Kayla,Brown,2002-02-12,2004-08-01,RETAIL,BR016
C0000671,Andrew,Mason,2000-09-07,2007-09-15,PRIVATE,BR020
C0000672,Charles,Gray,1944-07-26,2002-12-19,RETAIL,BR042
C0000673,Alejandra,Hodges,1961-04-04,2022-04-11,RETAIL,BR025
C0000674,Dustin,Mercado,1985-08-31,2000-12-27,RETAIL,BR021
C0000675,Meghan,Smith,1993-06-13,1997-02-15,RETAIL,BR040
C0000676,Shelby,Castro,1941-04-05,2001-02-24,SMALL_BUSINESS,BR027
C0000677,Howard,Jensen,1997-01-04,2019-07-21,RETAIL,BR040
C0000678,Haley,Gutierrez,1942-10-09,2002-03-15,RETAIL,BR010
C0000679,Joseph,Myers,1955-01-05,2017-08-09,RETAIL,BR028
C0000680,Robyn,Medina,1978-10-22,2024-01-11,SMALL_BUSINESS,BR007
C0000681,Joann,Johnson,1984-08-13,2003-07-21,RETAIL,BR027
C0000682,Ashley,Best,1947-02-13,2003-04-01,RETAIL,BR002
C0000683,Lauren,Wise,1968-05-12,2006-07-08,RETAIL,BR017
C0000684,Jennifer,Meyer,1993-09-30,2005-11-12,RETAIL,BR035
C0000685,Ebony,Barnes,1965-09-30,2014-12-09,RETAIL,BR038
C0000686,Latoya,Henderson,1946-11-18,2026-02-23,RETAIL,BR042
C0000687,Anna,Robinson,2000-04-24,2015-02-21,RETAIL,BR024
C0000688,Jeffrey,Hawkins,2003-04-14,2020-11-25,RETAIL,BR041
C0000689,Julie,Martin,1997-08-01,2019-08-24,RETAIL,BR041
C0000690,Darin,Sanford,1961-05-24,2000-06-19,RETAIL,BR020
C0000691,Carol,Harris,2001-03-05,2020-06-04,RETAIL,BR019
C0000692,Philip,Moreno,1991-06-08,2004-01-23,RETAIL,BR026
C0000693,Robert,Edwards,1992-01-24,2019-01-21,RETAIL,BR009
C0000694,Courtney,Castillo,1993-07-18,2000-10-23,RETAIL,BR031
C0000695,Candace,Tapia,1992-03-08,2015-10-20,RETAIL,BR023
C0000696,Scott,Wilson,1994-09-15,2013-02-28,RETAIL,BR011
C0000697,Patricia,Beasley,1987-03-23,2011-02-13,RETAIL,BR022
C0000698,Michael,Curtis,1950-10-25,2011-10-20,RETAIL,BR034
C0000699,Kevin,Leblanc,1998-12-28,2012-12-29,RETAIL,BR023
C0000700,Ashley,Stevenson,1987-10-16,2012-08-11,RETAIL,BR024
C0000701,James,Wyatt,1969-04-19,2014-10-20,RETAIL,BR003
C0000702,Tracy,Lin,1997-09-14,2004-01-27,RETAIL,BR018
C0000703,Kyle,Nichols,1960-04-19,2005-10-14,RETAIL,BR040
C0000704,Deborah,Brewer,1988-08-10,2005-02-26,RETAIL,BR022
C0000705,Samantha,Raymond,1972-03-06,1999-05-30,SMALL_BUSINESS,BR035
C0000706,Theresa,Martin,1978-03-22,2003-08-30,RETAIL,BR021
C0000707,Eric,Morris,1968-01-19,2001-11-17,RETAIL,BR008
C0000708,Laurie,Shepherd,1994-07-23,2005-02-15,RETAIL,BR021
C0000709,Jacqueline,Moyer,1973-08-25,2018-01-17,RETAIL,BR022
C0000710,Julia,Barnett,1942-04-19,2002-10-22,RETAIL,BR003
C0000711,Anthony,Brown,1941-03-11,2011-06-13,PRIVATE,BR002
C0000712,Robin,Munoz,1941-08-06,2001-03-29,RETAIL,BR031
C0000713,Kevin,Matthews,1995-01-26,2007-03-19,RETAIL,BR025
C0000714,Sandra,Li,1987-07-02,2020-08-22,RETAIL,BR037
C0000715,Tonya,Sullivan,1988-06-09,2025-10-24,RETAIL,BR019
C0000716,Rebecca,Ellison,1982-01-17,1999-09-06,RETAIL,BR042
C0000717,Tracy,Simpson,1945-10-13,1997-03-19,RETAIL,BR016
C0000718,Kristine,Rodriguez,1967-10-22,2007-04-06,RETAIL,BR016
C0000719,Elizabeth,Robbins,1969-12-12,2018-10-13,RETAIL,BR036
C0000720,Trevor,Huang,1941-11-11,2018-12-06,RETAIL,BR016
C0000721,Jose,Smith,1995-09-05,2010-07-12,RETAIL,BR037
C0000722,Joshua,Williams,1948-05-07,1996-01-23,RETAIL,BR025
C0000723,Brandon,Adams,1956-09-19,2024-08-09,RETAIL,BR021
C0000724,Michael,Dyer,1976-03-08,1999-08-27,RETAIL,BR017
C0000725,Christine,Martinez,1995-06-09,2003-03-30,RETAIL,BR007
C0000726,Douglas,Rice,1957-05-04,1996-10-08,RETAIL,BR014
C0000727,Thomas,Green,1941-06-13,2016-10-10,RETAIL,BR009
C0000728,Mark,Marshall,1985-06-08,2025-10-04,RETAIL,BR037
C0000729,Michael,Oneal,1977-07-14,2022-10-18,RETAIL,BR012
C0000730,Cassandra,Dickerson,1973-03-24,2009-10-21,RETAIL,BR020
C0000731,Melanie,Beltran,1994-12-20,2024-07-21,RETAIL,BR036
C0000732,Jacob,Sandoval,1973-06-07,2003-07-08,RETAIL,BR019
C0000733,Autumn,Kelly,1955-12-03,2014-04-19,RETAIL,BR016
C0000734,Nicholas,Lopez,1997-04-11,2022-06-08,RETAIL,BR030
C0000735,Daniel,Hancock,1987-12-19,2010-01-12,RETAIL,BR002
C0000736,Donald,Sanchez,2001-07-19,2018-10-28,RETAIL,BR015
C0000737,Pamela,Phelps,1946-05-18,2002-05-13,RETAIL,BR030
C0000738,Kevin,Robinson,1999-07-06,2001-12-30,RETAIL,BR024
C0000739,Eric,Finley,1999-03-29,1997-05-29,RETAIL,BR026
C0000740,April,Moses,1967-10-09,1998-03-11,SMALL_BUSINESS,BR026
C0000741,Tracy,Newman,1953-12-13,2004-07-28,RETAIL,BR006
C0000742,Tristan,Baker,1998-10-31,2004-01-07,RETAIL,BR028
C0000743,Pamela,Mendoza,1944-02-24,2003-09-18,RETAIL,BR025
C0000744,Jonathan,Martinez,1962-12-01,2005-10-24,RETAIL,BR015
C0000745,Frances,Diaz,1989-03-19,2010-11-11,RETAIL,BR035
C0000746,Erica,Moore,1981-08-31,2008-07-27,RETAIL,BR004
C0000747,Kathleen,Dennis,1990-01-05,1999-12-09,RETAIL,BR039
C0000748,Julie,Ellis,1947-02-27,2007-10-15,RETAIL,BR034
C0000749,Julie,Kelly,1969-01-18,2022-01-27,RETAIL,BR038
C0000750,Ernest,Long,1969-09-15,2010-03-03,RETAIL,BR013
C0000751,Allen,Perry,1970-08-29,2008-06-04,RETAIL,BR026
C0000752,Matthew,Morgan,1989-01-31,2016-11-30,RETAIL,BR001
C0000753,Robert,Chen,1989-04-13,2021-05-24,RETAIL,BR006
C0000754,Vanessa,Bowen,1991-08-13,2018-12-16,RETAIL,BR030
C0000755,Tiffany,Snyder,1970-12-06,2014-05-03,RETAIL,BR014
C0000756,Adam,Ramos,1953-03-08,2022-01-02,RETAIL,BR007
C0000757,Anthony,Camacho,1969-08-07,2016-12-13,SMALL_BUSINESS,BR021
C0000758,John,Ryan,1966-09-11,2019-05-22,RETAIL,BR013
C0000759,Ruben,Brown,1968-07-15,2005-07-04,RETAIL,BR024
C0000760,Cory,Burke,1960-01-05,1999-10-03,RETAIL,BR036
C0000761,Mary,Mcdaniel,1944-01-25,2025-05-08,RETAIL,BR018
C0000762,Karen,Flynn,1955-06-24,1996-07-28,SMALL_BUSINESS,BR025
C0000763,Stephanie,Wilson,1980-08-06,2011-12-26,RETAIL,BR014
C0000764,Jared,Nichols,1978-08-06,2024-08-06,RETAIL,BR001
C0000765,Jason,Adams,1952-01-30,2020-02-23,RETAIL,BR027
C0000766,Sabrina,English,1954-09-09,2006-08-16,RETAIL,BR024
C0000767,Laura,Simmons,1990-04-02,2006-11-30,RETAIL,BR024
C0000768,Scott,Moore,1994-06-28,1996-04-27,RETAIL,BR010
C0000769,Veronica,Cooper,1967-02-02,1995-03-07,RETAIL,BR042
C0000770,Nicole,Turner,1976-04-01,2012-01-12,RETAIL,BR001
C0000771,Jacob,Price,1969-09-18,2012-09-28,RETAIL,BR042
C0000772,Jeremy,Martinez,1983-05-10,2008-10-18,RETAIL,BR029
C0000773,Barbara,Clark,1957-07-22,2018-10-03,RETAIL,BR036
C0000774,Rebecca,Brewer,1952-11-01,2011-08-19,RETAIL,BR029
C0000775,Edward,Watson,1977-10-09,2002-01-06,RETAIL,BR020
C0000776,Darren,Bernard,1975-10-05,2022-06-24,RETAIL,BR028
C0000777,Mark,Wright,1951-11-15,2006-09-18,RETAIL,BR022
C0000778,Matthew,Morgan,1982-12-17,2002-04-24,RETAIL,BR031
C0000779,Laura,Brown,1966-07-21,2017-03-27,RETAIL,BR022
C0000780,Kimberly,Mendez,1973-10-01,2016-02-10,RETAIL,BR034
C0000781,Gregory,West,1961-06-29,2019-07-10,RETAIL,BR021
C0000782,Kayla,Stark,1947-06-08,2003-03-28,RETAIL,BR037
C0000783,Kimberly,Edwards,1967-10-15,1999-05-03,RETAIL,BR008
C0000784,John,Ramos,2003-10-14,1996-04-27,RETAIL,BR041
C0000785,Summer,Padilla,1987-10-18,2014-03-25,RETAIL,BR023
C0000786,Stephanie,Scott,1979-12-02,1995-03-01,RETAIL,BR014
C0000787,Cindy,Gutierrez,1970-05-31,1997-01-30,RETAIL,BR007
C0000788,Joshua,King,1960-11-30,2005-12-24,RETAIL,BR018
C0000789,Ryan,Rodriguez,1949-01-20,2023-01-22,PRIVATE,BR038
C0000790,Michael,Edwards,1971-03-03,2013-03-22,RETAIL,BR026
C0000791,Patty,Perry,1975-03-14,2020-02-27,RETAIL,BR029
C0000792,Scott,Rivera,1942-08-24,2007-04-12,RETAIL,BR026
C0000793,Nathan,Chapman,1975-10-25,1998-10-23,RETAIL,BR031
C0000794,Sandra,Clark,1975-02-22,2020-07-09,RETAIL,BR003
C0000795,Kristine,Rivera,1974-04-29,2020-12-16,RETAIL,BR022
C0000796,Catherine,Smith,2002-08-21,2009-12-11,RETAIL,BR002
C0000797,Christopher,Richardson,1979-04-05,2021-11-25,RETAIL,BR004
C0000798,Martin,Bailey,1960-05-07,2018-05-05,SMALL_BUSINESS,BR005
C0000799,Bryan,Hernandez,1953-10-14,1995-08-17,SMALL_BUSINESS,BR007
C0000800,Erica,Smith,1954-12-20,1995-01-03,RETAIL,BR034
C0000801,Amy,Lucero,1982-12-29,2006-03-20,RETAIL,BR011
C0000802,Jennifer,Escobar,1959-10-04,2025-03-19,RETAIL,BR040
C0000803,Robert,Watson,1968-03-17,2013-03-03,RETAIL,BR014
C0000804,Melanie,Warren,1983-01-05,2019-01-02,SMALL_BUSINESS,BR027
C0000805,Joseph,Hall,1964-01-31,2020-11-17,RETAIL,BR011
C0000806,Kyle,Edwards,1994-12-14,2016-12-25,RETAIL,BR002
C0000807,Robert,Koch,1988-03-15,1999-04-03,RETAIL,BR016
C0000808,Jill,Flores,2001-01-01,2007-11-20,SMALL_BUSINESS,BR008
C0000809,Daniel,Craig,1985-09-30,2000-07-23,RETAIL,BR028
C0000810,Terri,Cruz,1961-01-27,2022-07-31,RETAIL,BR005
C0000811,Steven,Gardner,2003-04-06,2000-03-03,RETAIL,BR001
C0000812,Deanna,Bruce,1947-10-30,1999-01-14,RETAIL,BR023
C0000813,Jocelyn,Coleman,1990-03-29,1996-07-22,RETAIL,BR030
C0000814,Amy,Villarreal,1977-02-08,2022-01-01,RETAIL,BR026
C0000815,Heather,Faulkner,1942-07-11,2020-12-24,RETAIL,BR014
C0000816,Gregory,Lee,1943-01-12,2015-05-07,PRIVATE,BR035
C0000817,Jeffrey,Sutton,1966-02-24,1995-03-07,RETAIL,BR037
C0000818,Katelyn,Strickland,1952-08-18,2022-11-10,RETAIL,BR019
C0000819,Kaylee,Martinez,1982-04-15,2021-04-19,RETAIL,BR032
C0000820,Joshua,Mann,1973-02-26,2017-03-13,RETAIL,BR008
C0000821,Angela,Morales,1982-07-11,2020-01-11,RETAIL,BR029
C0000822,Teresa,Espinoza,1947-02-11,2012-08-27,RETAIL,BR036
C0000823,Katie,Ramos,1985-11-29,2021-02-16,RETAIL,BR003
C0000824,Maria,Lewis,1984-07-18,2003-11-09,RETAIL,BR034
C0000825,Ryan,Morgan,1985-11-15,1998-05-14,RETAIL,BR041
C0000826,John,Liu,2003-12-24,2005-07-23,RETAIL,BR033
C0000827,Todd,Rodriguez,1975-05-22,1998-09-06,PRIVATE,BR007
C0000828,Misty,Adams,1976-02-03,2007-03-28,RETAIL,BR013
C0000829,Mary,Alvarado,1969-01-18,2024-02-23,RETAIL,BR010
C0000830,Thomas,Lucas,1973-01-06,2025-06-19,RETAIL,BR034
C0000831,Robert,Jordan,1950-07-04,2015-02-21,RETAIL,BR006
C0000832,Joseph,James,1993-10-27,1997-06-17,SMALL_BUSINESS,BR020
C0000833,David,Sanford,1985-12-23,2012-01-19,RETAIL,BR014
C0000834,Robin,Smith,1950-01-31,2010-03-16,PRIVATE,BR041
C0000835,Thomas,Patel,1962-08-05,2024-07-19,RETAIL,BR021
C0000836,Stacey,Velez,1987-08-12,2020-08-29,RETAIL,BR021
C0000837,Miranda,Gibbs,1956-08-04,2021-03-16,SMALL_BUSINESS,BR012
C0000838,Joseph,Gonzalez,1999-10-30,2026-08-07,RETAIL,BR023
C0000839,Christopher,Estrada,1942-09-18,2007-07-09,SMALL_BUSINESS,BR037
C0000840,Dustin,Sanchez,1972-12-22,2015-06-13,RETAIL,BR021
C0000841,Charlene,Ray,1985-01-11,2004-04-15,RETAIL,BR028
C0000842,Cameron,Jones,1970-12-08,2019-01-30,SMALL_BUSINESS,BR019
C0000843,Robert,Reed,1982-06-09,1998-09-07,RETAIL,BR005
C0000844,William,Nicholson,1957-09-05,2014-06-03,RETAIL,BR003
C0000845,John,Kennedy,1955-01-29,2022-03-28,RETAIL,BR013
C0000846,Joshua,Leonard,1963-01-29,2008-05-14,RETAIL,BR013
C0000847,Juan,Martinez,1973-10-30,2021-08-08,PRIVATE,BR022
C0000848,Jane,Spencer,1996-04-03,2005-12-06,RETAIL,BR011
C0000849,Brian,Ramsey,1988-05-07,2012-11-04,SMALL_BUSINESS,BR011
C0000850,Willie,Estrada,1986-05-24,1998-12-20,SMALL_BUSINESS,BR032
C0000851,Antonio,Clayton,1982-06-09,2008-03-02,RETAIL,BR033
C0000852,Joshua,Moreno,1964-12-29,1995-11-20,SMALL_BUSINESS,BR028
C0000853,Michael,Burnett,1984-11-07,2003-11-20,RETAIL,BR037
C0000854,Kara,Sims,2004-09-18,2007-04-13,SMALL_BUSINESS,BR020
C0000855,Bernard,Bowman,1961-12-28,2020-05-04,RETAIL,BR020
C0000856,Wesley,Marks,1959-01-08,2003-01-27,RETAIL,BR032
C0000857,Anthony,Navarro,1974-03-16,2022-04-11,RETAIL,BR016
C0000858,Javier,Hanson,1997-06-08,2011-12-02,PRIVATE,BR017
C0000859,Christy,Miller,1961-05-16,2009-06-28,RETAIL,BR034
C0000860,David,Hamilton,1950-10-01,2011-01-27,RETAIL,BR042
C0000861,Mark,Griffin,1981-09-21,2016-11-19,RETAIL,BR039
C0000862,Christopher,Lawrence,1985-02-01,2008-03-09,RETAIL,BR002
C0000863,Ashley,Jones,2003-01-13,2023-02-09,RETAIL,BR015
C0000864,Brett,Jones,1989-01-23,2025-11-21,RETAIL,BR013
C0000865,Jackie,Rodriguez,1985-07-13,2017-06-23,RETAIL,BR018
C0000866,Curtis,Griffin,1951-12-22,2015-07-06,RETAIL,BR020
C0000867,Kelly,Smith,1946-11-04,2010-02-14,SMALL_BUSINESS,BR010
C0000868,Jason,Oconnell,1984-03-17,2018-12-22,RETAIL,BR038
C0000869,Adam,Williams,1975-10-04,2010-01-25,RETAIL,BR006
C0000870,Rebecca,Carter,1959-12-01,2021-06-04,RETAIL,BR041
C0000871,Christine,Bradley,1941-10-15,2013-08-11,RETAIL,BR037
C0000872,Justin,Gonzales,1945-07-18,2020-05-15,RETAIL,BR005
C0000873,David,Vargas,1982-11-10,2009-01-16,RETAIL,BR008
C0000874,Trevor,Spencer,2002-06-11,2020-02-16,RETAIL,BR022
C0000875,Kaitlyn,Rodriguez,1953-01-22,2007-04-20,RETAIL,BR002
C0000876,James,Harrison,1964-01-06,2000-07-08,RETAIL,BR031
C0000877,Tammy,Kaufman,1972-05-14,2007-10-05,SMALL_BUSINESS,BR032
C0000878,Jeffrey,Pratt,1979-10-25,2010-07-13,RETAIL,BR011
C0000879,Joseph,Cooper,1985-12-14,2005-07-06,RETAIL,BR001
C0000880,Jacob,Campos,1964-12-12,2018-11-25,RETAIL,BR015
C0000881,Samantha,Taylor,1985-12-17,2026-01-21,SMALL_BUSINESS,BR004
C0000882,Joseph,Walker,1940-09-26,1995-10-28,RETAIL,BR003
C0000883,Michael,Hart,1973-09-07,2022-07-17,RETAIL,BR029
C0000884,Melissa,Turner,1977-12-15,2007-12-17,RETAIL,BR032
C0000885,Nancy,Mcdowell,1978-12-08,2001-01-02,SMALL_BUSINESS,BR037
C0000886,Michael,Stevenson,1971-01-12,2008-06-09,RETAIL,BR008
C0000887,Paul,Cardenas,1987-08-17,2014-10-11,RETAIL,BR005
C0000888,Amy,Fields,1951-10-16,2004-06-07,SMALL_BUSINESS,BR016
C0000889,Mallory,Jones,1940-02-03,2008-07-18,SMALL_BUSINESS,BR013
C0000890,Kayla,Dalton,1986-07-11,2006-01-03,SMALL_BUSINESS,BR004
C0000891,Christine,Gibbs,1953-03-01,2024-01-03,RETAIL,BR005
C0000892,Tara,Lee,2001-05-04,2001-03-10,RETAIL,BR023
C0000893,Carol,Bishop,1961-04-20,1996-05-03,RETAIL,BR026
C0000894,Kimberly,Wade,1989-12-18,2001-02-19,RETAIL,BR010
C0000895,Leah,Klein,1945-01-16,2000-05-16,RETAIL,BR027
C0000896,Michael,Hughes,1996-05-01,2010-01-07,RETAIL,BR015
C0000897,Jenny,Dyer,1946-09-21,2023-11-27,RETAIL,BR029
C0000898,Natasha,Morgan,2000-05-05,2013-09-08,RETAIL,BR007
C0000899,John,Mercado,1987-08-07,1998-04-04,SMALL_BUSINESS,BR029
C0000900,Jessica,Anderson,1979-07-27,2016-04-29,RETAIL,BR020
C0000901,Christopher,Ramsey,1961-11-09,2019-02-07,SMALL_BUSINESS,BR009
C0000902,Desiree,Jones,1976-09-22,1998-06-09,RETAIL,BR004
C0000903,Michael,Hall,1955-02-26,2015-12-13,RETAIL,BR005
C0000904,Matthew,Freeman,1978-02-25,2013-12-18,SMALL_BUSINESS,BR034
C0000905,Marie,Jordan,1981-05-22,2002-05-15,RETAIL,BR021
C0000906,Manuel,Villanueva,1993-07-13,2012-10-01,RETAIL,BR031
C0000907,Rachel,Taylor,1994-06-11,2005-06-04,RETAIL,BR025
C0000908,Nicole,Johnson,1947-09-01,2006-11-19,RETAIL,BR001
C0000909,Lee,Johnson,1951-06-25,2018-09-10,SMALL_BUSINESS,BR020
C0000910,Sara,Ayala,1972-08-30,2012-06-28,SMALL_BUSINESS,BR023
C0000911,Joel,Diaz,1978-01-08,2009-04-03,PRIVATE,BR035
C0000912,Michael,English,1987-03-07,2016-11-24,RETAIL,BR027
C0000913,Jessica,Jacobs,1957-09-28,2025-01-24,RETAIL,BR013
C0000914,Michael,Aguilar,1948-01-12,1995-02-03,RETAIL,BR035
C0000915,Haley,Joyce,2001-04-30,1997-11-16,SMALL_BUSINESS,BR004
C0000916,Jon,Anderson,1972-12-01,2025-01-26,RETAIL,BR020
C0000917,Patricia,Richardson,1967-04-13,2022-02-16,RETAIL,BR032
C0000918,Charles,Brooks,1978-05-04,2018-05-01,RETAIL,BR007
C0000919,Shawn,Brady,1991-12-31,2023-03-21,RETAIL,BR006
C0000920,Robin,Gray,1997-04-04,2023-06-01,RETAIL,BR021
C0000921,Jessica,Henry,1973-05-26,1996-07-07,RETAIL,BR036
C0000922,John,Kim,1984-12-08,2017-11-08,SMALL_BUSINESS,BR023
C0000923,Kurt,Richardson,1943-02-12,2013-01-12,RETAIL,BR018
C0000924,Kimberly,Gilbert,1944-01-06,2019-03-28,RETAIL,BR036
C0000925,Frank,Pace,1965-06-09,2007-05-14,SMALL_BUSINESS,BR016
C0000926,Mary,Barr,1997-07-11,2004-04-18,RETAIL,BR024
C0000927,Brittany,Zavala,1973-04-09,1997-05-08,PRIVATE,BR013
C0000928,Kristen,King,1944-12-11,2012-12-25,RETAIL,BR025
C0000929,Vincent,Richard,2001-11-06,2015-08-04,SMALL_BUSINESS,BR021
C0000930,George,Brown,1978-09-28,2023-12-15,RETAIL,BR004
C0000931,Kelly,Hartman,1980-04-23,2013-08-23,SMALL_BUSINESS,BR020
C0000932,Angela,Joyce,2002-01-01,2017-01-10,RETAIL,BR026
C0000933,Nicholas,Bailey,1976-02-15,2007-08-20,RETAIL,BR026
C0000934,Devin,Ross,1958-05-10,2024-09-12,RETAIL,BR001
C0000935,Jillian,Mayo,1980-08-23,2018-10-26,RETAIL,BR027
C0000936,Pamela,Alexander,1995-04-16,2013-08-18,RETAIL,BR003
C0000937,Erin,Hall,1987-12-26,2015-09-26,RETAIL,BR041
C0000938,Justin,Dorsey,1997-02-04,2023-02-10,RETAIL,BR014
C0000939,Samantha,Williams,1977-02-03,2006-07-09,SMALL_BUSINESS,BR033
C0000940,Jimmy,Wong,1955-11-27,2010-07-09,RETAIL,BR019
C0000941,Natasha,Orr,1960-05-01,2021-09-28,RETAIL,BR033
C0000942,Dana,Barnett,1987-06-30,2024-06-04,RETAIL,BR034
C0000943,Lindsay,Barker,1967-12-15,2013-09-23,RETAIL,BR007
C0000944,Keith,Little,1943-06-01,2012-03-22,RETAIL,BR024
C0000945,John,Allen,1972-04-09,2015-12-01,RETAIL,BR019
C0000946,James,Ford,1975-04-24,2015-04-17,RETAIL,BR030
C0000947,Craig,Hunter,1969-01-22,2011-10-30,RETAIL,BR013
C0000948,Christopher,Ross,1990-05-15,2010-07-27,RETAIL,BR009
C0000949,Vincent,Miller,1970-01-02,2000-04-05,RETAIL,BR003
C0000950,Sandra,Jackson,1951-07-22,2021-04-21,RETAIL,BR038
C0000951,Mark,Castro,1994-09-07,2000-09-19,RETAIL,BR024
C0000952,Madison,Martinez,1978-02-21,2010-09-29,RETAIL,BR019
C0000953,John,Martin,1942-07-09,2011-11-26,RETAIL,BR021
C0000954,Shawn,Bentley,1983-12-30,2013-08-16,RETAIL,BR003
C0000955,Terri,Harper,1971-01-10,2025-02-17,RETAIL,BR027
C0000956,Victor,Rogers,2002-01-05,1998-03-14,RETAIL,BR018
C0000957,John,Melton,1982-03-07,2020-07-27,RETAIL,BR013
C0000958,Denise,Reed,1971-05-01,2001-07-10,RETAIL,BR042
C0000959,Elijah,Evans,1998-06-09,2022-07-10,RETAIL,BR017
C0000960,Mackenzie,Larson,1979-06-05,2011-09-24,RETAIL,BR015
C0000961,Tonya,Craig,1948-01-08,2017-01-23,RETAIL,BR030
C0000962,Diamond,Owens,1957-11-15,2004-08-30,RETAIL,BR037
C0000963,Alexandra,White,1984-07-08,2001-12-16,RETAIL,BR033
C0000964,Brandy,Thornton,1954-11-22,2012-06-10,SMALL_BUSINESS,BR014
C0000965,Jamie,Williams,1951-11-30,2024-10-26,RETAIL,BR022
C0000966,Jean,Hensley,1996-08-17,1998-05-19,RETAIL,BR010
C0000967,Vanessa,Perkins,1996-04-22,1995-09-03,RETAIL,BR023
C0000968,Lawrence,Baker,1972-05-28,2010-06-11,RETAIL,BR020
C0000969,Katherine,Ferguson,1942-01-10,1999-12-11,RETAIL,BR001
C0000970,Melissa,Peters,1950-01-10,2006-07-30,RETAIL,BR006
C0000971,Latasha,Mendoza,1982-07-29,2023-12-27,RETAIL,BR002
C0000972,Jake,Hill,1965-07-08,1995-10-14,RETAIL,BR001
C0000973,Christopher,Barnes,1974-02-11,2026-03-26,RETAIL,BR020
C0000974,Michelle,Stone,1943-06-24,2025-06-04,RETAIL,BR015
C0000975,Jacqueline,Weber,1975-05-28,2001-11-17,RETAIL,BR003
C0000976,Christopher,Jackson,1957-10-18,2018-05-12,RETAIL,BR036
C0000977,Keith,Brown,1963-12-27,2026-08-20,PRIVATE,BR035
C0000978,Lawrence,Bailey,1969-12-02,2019-09-23,RETAIL,BR001
C0000979,David,Robinson,1988-07-20,2015-01-25,RETAIL,BR037
C0000980,Jason,Lewis,1953-09-07,2000-04-27,RETAIL,BR001
C0000981,Stephanie,Lang,1954-04-03,2024-05-06,RETAIL,BR023
C0000982,Shannon,Bryant,1988-04-23,1999-02-05,SMALL_BUSINESS,BR012
C0000983,Cheryl,Johnson,1967-05-30,2003-01-15,RETAIL,BR008
C0000984,Heather,Cruz,2001-04-27,2015-04-16,RETAIL,BR014
C0000985,Amanda,Hernandez,1992-11-12,2019-06-20,RETAIL,BR004
C0000986,Anne,Riley,2004-12-01,2017-12-06,RETAIL,BR007
C0000987,Maria,Ball,1954-06-13,2004-09-23,RETAIL,BR008
C0000988,Nicole,Garcia,1999-03-04,2009-05-03,RETAIL,BR035
C0000989,Brandon,Williams,1945-07-08,2021-12-08,RETAIL,BR010
C0000990,Michael,Howell,1964-03-18,2005-12-08,RETAIL,BR003
C0000991,Charles,Morrison,1941-07-01,1998-11-29,SMALL_BUSINESS,BR022
C0000992,Susan,Coleman,1994-01-14,2004-02-22,RETAIL,BR004
C0000993,Mary,Faulkner,1945-09-01,2008-04-02,RETAIL,BR026
C0000994,Sara,White,1958-08-04,2022-11-01,SMALL_BUSINESS,BR020
C0000995,Jennifer,Patton,1958-09-29,2017-07-05,RETAIL,BR026
C0000996,Danielle,Martin,1974-01-25,2003-02-09,RETAIL,BR010
C0000997,Joel,Hammond,2004-02-04,2010-05-22,RETAIL,BR041
C0000998,Erin,Rodriguez,1984-03-27,2016-11-02,RETAIL,BR027
C0000999,Alex,Smith,1974-11-08,2018-11-05,RETAIL,BR041
C0001000,Peggy,Gomez,1966-11-03,2009-01-19,SMALL_BUSINESS,BR002
C0001001,Catherine,Murphy,1976-08-03,2004-03-22,RETAIL,BR012
C0001002,Cynthia,Moore,1987-09-10,2000-09-06,RETAIL,BR019
C0001003,David,Harvey,1963-07-05,2018-05-07,RETAIL,BR036
C0001004,Jonathan,Haas,1987-09-20,2007-10-08,RETAIL,BR010
C0001005,Tyler,Garcia,1966-05-25,1997-04-11,RETAIL,BR025
C0001006,Peter,Nicholson,1964-04-27,1999-04-26,RETAIL,BR034
C0001007,Donna,Black,1993-05-09,2018-12-12,RETAIL,BR010
C0001008,Timothy,Kennedy,2001-12-12,2000-07-12,SMALL_BUSINESS,BR038
C0001009,James,Sims,1943-05-19,2008-04-29,RETAIL,BR023
C0001010,Kristen,Meyer,1963-12-19,2021-05-20,SMALL_BUSINESS,BR027
C0001011,Larry,Johnson,1948-07-18,1998-09-09,RETAIL,BR007
C0001012,Derek,Williams,1974-04-11,2019-04-24,RETAIL,BR013
C0001013,Annette,Wilson,1947-09-25,1998-05-29,RETAIL,BR014
C0001014,Jack,Jensen,1957-08-05,2019-09-12,RETAIL,BR041
C0001015,Candace,Massey,1961-05-03,1996-01-10,RETAIL,BR037
C0001016,Rachel,Vang,1978-12-28,2012-08-14,RETAIL,BR038
C0001017,Anita,Hoover,2004-01-28,2018-03-11,RETAIL,BR013
C0001018,John,Davis,1973-08-23,2018-12-23,RETAIL,BR022
C0001019,Jeffrey,Santos,1956-09-09,2002-09-24,RETAIL,BR014
C0001020,Peter,Wilkerson,2002-11-20,2020-09-08,RETAIL,BR005
C0001021,Jonathan,Rodriguez,1951-10-31,2006-04-22,RETAIL,BR006
C0001022,Joshua,Smith,1977-01-26,2010-08-17,SMALL_BUSINESS,BR012
C0001023,Drew,Gonzalez,1989-06-16,2015-09-03,RETAIL,BR033
C0001024,Alice,Woods,1963-05-30,2023-08-28,RETAIL,BR004
C0001025,Tanya,Salazar,1989-10-30,2022-06-25,RETAIL,BR038
C0001026,Michael,Heath,1953-12-19,2012-02-25,PRIVATE,BR012
C0001027,Stephanie,Sutton,1968-10-21,1998-11-09,RETAIL,BR022
C0001028,Cheryl,Wilson,1977-04-05,2013-04-20,RETAIL,BR028
C0001029,Kristin,Colon,1973-03-02,1998-03-05,RETAIL,BR028
C0001030,Richard,Jensen,1962-02-09,1997-03-25,RETAIL,BR009
C0001031,Mary,Brown,1965-07-27,1999-07-27,PRIVATE,BR034
C0001032,Jared,Williams,1943-05-30,2000-11-22,RETAIL,BR001
C0001033,Melissa,Wagner,1978-10-24,1999-10-10,RETAIL,BR010
C0001034,Patricia,Bennett,1978-03-11,2001-10-21,RETAIL,BR023
C0001035,Michael,Newman,1981-01-03,2011-01-09,RETAIL,BR036
C0001036,Andrew,Schneider,1999-06-20,2001-09-17,RETAIL,BR030
C0001037,Kenneth,Williams,1981-09-19,1999-01-06,RETAIL,BR034
C0001038,Lisa,Mcconnell,1963-11-11,2022-03-01,SMALL_BUSINESS,BR017
C0001039,Anna,Walker,1995-09-12,1999-02-21,RETAIL,BR005
C0001040,Travis,Jones,1959-08-19,2001-04-02,RETAIL,BR029
C0001041,Anthony,Key,1965-07-07,2020-04-24,RETAIL,BR024
C0001042,Francisco,Reyes,1980-01-16,2017-01-22,RETAIL,BR007
C0001043,Kristin,Smith,1958-04-15,1996-02-04,RETAIL,BR006
C0001044,Nathaniel,Holmes,2001-05-30,2012-08-03,SMALL_BUSINESS,BR036
C0001045,Jay,Clark,1985-03-03,2022-05-15,RETAIL,BR027
C0001046,Ryan,Ayala,1976-10-19,2022-06-25,SMALL_BUSINESS,BR022
C0001047,Caitlin,Ramirez,2001-09-03,2021-11-06,RETAIL,BR013
C0001048,Luis,Garcia,1979-08-24,2001-10-11,RETAIL,BR026
C0001049,Alex,Cole,1969-11-06,2014-11-08,RETAIL,BR015
C0001050,Kathleen,Hansen,1958-07-15,2021-01-03,RETAIL,BR021
C0001051,Derrick,Bowman,1950-11-04,1995-08-07,RETAIL,BR003
C0001052,James,Garcia,1993-11-30,2000-02-17,RETAIL,BR024
C0001053,Anthony,Hernandez,1996-04-25,2010-09-09,RETAIL,BR021
C0001054,Samantha,Waters,1980-11-29,2024-12-31,RETAIL,BR020
C0001055,Kevin,Bass,1961-02-04,2006-12-31,SMALL_BUSINESS,BR024
C0001056,Jason,Barr,1973-04-17,2001-08-02,RETAIL,BR042
C0001057,Teresa,Richards,1981-06-23,1995-10-07,RETAIL,BR012
C0001058,Rachel,Livingston,2000-02-12,2001-05-17,RETAIL,BR009
C0001059,Mary,Johnson,1989-05-01,1999-06-16,RETAIL,BR001
C0001060,Shane,Moore,1950-12-05,2018-04-03,RETAIL,BR014
C0001061,Jason,Arias,1950-05-03,2006-11-16,RETAIL,BR029
C0001062,Mary,Johnson,1962-03-26,1998-04-20,RETAIL,BR032
C0001063,Terri,Serrano,1995-04-03,2012-11-07,RETAIL,BR012
C0001064,Tony,Lopez,1958-05-03,2015-03-12,RETAIL,BR016
C0001065,Jamie,Sullivan,1983-05-29,1995-06-18,RETAIL,BR013
C0001066,David,Steele,1981-02-22,2017-07-07,RETAIL,BR041
C0001067,Michael,Farley,1954-10-09,2024-12-07,RETAIL,BR029
C0001068,Timothy,Watkins,1995-09-17,2000-04-21,RETAIL,BR032
C0001069,Patricia,Mccullough,1941-05-17,2017-12-15,SMALL_BUSINESS,BR035
C0001070,Gina,Miller,1993-07-29,2015-12-09,RETAIL,BR031
C0001071,Joshua,Weaver,1952-08-30,2022-01-20,RETAIL,BR001
C0001072,Jessica,Hubbard,1985-05-17,1995-07-01,SMALL_BUSINESS,BR041
C0001073,Felicia,Oconnor,1987-09-30,2023-04-05,SMALL_BUSINESS,BR008
C0001074,Darlene,Johnson,1949-03-22,2016-10-28,RETAIL,BR002
C0001075,Matthew,Mcdonald,1989-12-17,2020-09-07,RETAIL,BR001
C0001076,Marisa,Hughes,1952-10-28,2001-06-27,RETAIL,BR034
C0001077,Kathryn,Mata,1982-10-05,2024-06-27,RETAIL,BR020
C0001078,Antonio,Rice,1992-05-14,2024-08-06,RETAIL,BR004
C0001079,Lisa,Fisher,1976-10-02,2011-12-24,RETAIL,BR020
C0001080,Julia,Jacobs,1960-04-13,2016-02-05,RETAIL,BR029
C0001081,Danielle,Chandler,1998-01-07,2008-01-29,RETAIL,BR016
C0001082,Jennifer,Payne,1997-09-10,2006-12-14,RETAIL,BR020
C0001083,Scott,Wood,1945-03-05,2024-08-17,RETAIL,BR041
C0001084,Patricia,Hebert,1960-11-15,2021-07-26,RETAIL,BR012
C0001085,Michelle,Frazier,1985-10-30,2020-08-16,RETAIL,BR011
C0001086,Nicholas,Moore,1941-08-31,1995-03-21,RETAIL,BR020
C0001087,Timothy,Williams,1999-04-04,2016-11-02,RETAIL,BR023
C0001088,Michael,Townsend,2000-01-12,2016-03-17,SMALL_BUSINESS,BR012
C0001089,Steven,Mitchell,1961-10-20,2020-12-12,RETAIL,BR009
C0001090,Chris,Shelton,1995-03-16,2003-10-06,RETAIL,BR037
C0001091,Jennifer,Harrison,1988-01-12,2010-04-29,RETAIL,BR036
C0001092,Henry,Allison,1984-11-30,2019-12-18,RETAIL,BR037
C0001093,Tina,Mathews,1975-10-27,2015-01-15,RETAIL,BR033
C0001094,John,Hardy,1967-09-21,2005-02-17,PRIVATE,BR031
C0001095,Tracey,Jimenez,1996-07-03,2019-11-20,RETAIL,BR036
C0001096,Jessica,Williams,1949-08-25,2017-10-16,RETAIL,BR019
C0001097,Lisa,Phillips,1956-07-11,2008-03-17,RETAIL,BR015
C0001098,Gary,Herman,1978-02-16,2026-03-25,RETAIL,BR010
C0001099,Allison,Nguyen,1956-09-14,2022-10-12,RETAIL,BR022
C0001100,Michelle,Webb,1998-01-27,2019-02-12,RETAIL,BR041
C0001101,Christine,Hull,1950-04-17,2017-08-25,RETAIL,BR012
C0001102,James,James,1952-09-05,2021-02-16,RETAIL,BR002
C0001103,Monica,Russo,1957-12-01,2009-03-06,RETAIL,BR014
C0001104,Robert,Crane,1945-02-19,2008-10-28,RETAIL,BR028
C0001105,Jennifer,Leon,2000-04-16,2022-12-22,RETAIL,BR031
C0001106,Paul,Parsons,1952-12-08,2021-07-01,RETAIL,BR025
C0001107,Makayla,Mccullough,1958-04-14,2013-02-20,RETAIL,BR017
C0001108,Evan,Sullivan,1989-05-27,2001-03-26,RETAIL,BR039
C0001109,Dawn,Branch,1988-04-19,2005-04-11,SMALL_BUSINESS,BR005
C0001110,Denise,Sanchez,1946-05-25,1997-04-20,RETAIL,BR030
C0001111,Jason,Black,1965-10-20,2023-06-21,RETAIL,BR031
C0001112,Katelyn,Stevens,1958-10-08,2023-09-30,RETAIL,BR018
C0001113,Lindsay,Martinez,2001-03-08,1999-05-10,RETAIL,BR007
C0001114,David,Huff,1960-04-23,2002-03-29,RETAIL,BR034
C0001115,Willie,Hughes,1954-06-15,2019-08-30,RETAIL,BR017
C0001116,Joshua,Holmes,1974-12-27,2012-11-02,RETAIL,BR034
C0001117,Julie,Hernandez,1965-09-17,2016-08-21,RETAIL,BR040
C0001118,Christina,Ramsey,1986-04-20,2004-09-13,RETAIL,BR013
C0001119,Shelby,Mitchell,1955-05-11,2002-05-24,RETAIL,BR031
C0001120,Mark,Santiago,1990-09-15,2012-02-14,RETAIL,BR018
C0001121,Joe,Schmidt,1971-02-26,2013-10-04,RETAIL,BR020
C0001122,Diane,Scott,1945-01-31,1998-02-13,RETAIL,BR035
C0001123,David,Lopez,1971-01-02,1997-12-18,SMALL_BUSINESS,BR001
C0001124,Diamond,Liu,1969-02-09,2002-11-05,RETAIL,BR006
C0001125,Rachel,Fowler,1992-02-16,2014-08-19,RETAIL,BR029
C0001126,Ian,Brown,1991-07-13,1998-08-12,SMALL_BUSINESS,BR002
C0001127,Isabel,Smith,1965-07-31,1998-09-06,RETAIL,BR006
C0001128,Julie,Robertson,1942-07-26,2006-07-20,RETAIL,BR009
C0001129,Danielle,Arnold,1952-12-02,2026-03-15,RETAIL,BR014
C0001130,John,Mckinney,1953-12-28,2011-02-07,RETAIL,BR034
C0001131,Brian,Macias,1969-11-20,2017-01-09,RETAIL,BR003
C0001132,Tyler,Grant,1958-06-11,2015-02-28,RETAIL,BR005
C0001133,Matthew,Miller,1956-06-25,1998-04-17,RETAIL,BR020
C0001134,Jesus,Mckinney,1984-03-16,2000-05-29,SMALL_BUSINESS,BR016
C0001135,Jeremy,Patterson,1953-10-11,2016-09-17,RETAIL,BR001
C0001136,Karen,Yates,1998-11-19,1999-01-03,RETAIL,BR034
C0001137,Melanie,Jones,1981-10-27,1995-03-25,RETAIL,BR004
C0001138,Christopher,Henderson,1973-09-13,2023-01-19,PRIVATE,BR011
C0001139,Mike,Craig,1966-05-14,2006-11-15,RETAIL,BR032
C0001140,Jennifer,Gonzales,1960-01-28,1996-03-04,RETAIL,BR012
C0001141,Ryan,Mccall,2002-01-31,2019-02-07,RETAIL,BR005
C0001142,William,Cannon,1944-11-08,1998-04-09,RETAIL,BR002
C0001143,Dana,Russell,1994-10-30,2017-10-08,RETAIL,BR024
C0001144,Dakota,Hanson,1968-07-22,2017-10-29,RETAIL,BR017
C0001145,Natasha,Oliver,1942-09-02,2010-11-26,RETAIL,BR030
C0001146,Elizabeth,Estes,1952-01-03,2024-11-11,RETAIL,BR040
C0001147,Susan,Hunt,1962-10-17,1996-04-28,RETAIL,BR020
C0001148,Emily,Davis,1947-11-12,2023-05-10,SMALL_BUSINESS,BR023
C0001149,Willie,Miller,1996-05-29,2013-12-29,RETAIL,BR011
C0001150,Rebecca,Smith,1971-01-05,2014-04-11,RETAIL,BR011
C0001151,Todd,Kelly,1986-09-22,2012-04-21,RETAIL,BR031
C0001152,Tiffany,Payne,1951-07-13,1995-12-13,RETAIL,BR023
C0001153,Amanda,Robinson,1943-11-27,2001-06-18,RETAIL,BR002
C0001154,Sarah,Porter,1941-06-21,2021-08-14,SMALL_BUSINESS,BR037
C0001155,Timothy,Tran,1971-03-31,2007-03-31,RETAIL,BR039
C0001156,Thomas,Owens,1950-10-09,2016-10-17,RETAIL,BR002
C0001157,Keith,Stuart,1942-05-09,2025-11-13,RETAIL,BR039
C0001158,Elizabeth,Garcia,1980-12-12,2018-01-28,RETAIL,BR006
C0001159,Sandra,Cruz,1960-03-26,2014-09-26,RETAIL,BR016
C0001160,Jamie,Braun,1994-12-05,2012-01-04,RETAIL,BR021
C0001161,David,Burns,1941-08-15,2022-04-09,RETAIL,BR007
C0001162,Keith,Moreno,1967-04-13,2012-12-05,RETAIL,BR014
C0001163,Dan,Reed,1997-01-02,2009-09-06,RETAIL,BR021
C0001164,Melissa,Smith,1998-11-23,1999-11-21,SMALL_BUSINESS,BR001
C0001165,Kelly,Lam,1990-03-21,2018-01-29,RETAIL,BR017
C0001166,Jorge,Ramos,2003-01-28,2021-04-17,RETAIL,BR012
C0001167,Teresa,Morgan,1970-12-30,2007-08-26,RETAIL,BR015
C0001168,Paul,Lee,2003-01-22,2004-09-19,RETAIL,BR013
C0001169,Megan,Thomas,1979-08-06,2008-09-08,RETAIL,BR032
C0001170,Jane,Garrett,1959-07-26,2010-09-11,RETAIL,BR032
C0001171,Karen,Harrison,1946-03-01,2008-08-03,RETAIL,BR034
C0001172,Denise,Mccall,1999-09-16,2000-03-22,RETAIL,BR040
C0001173,William,Atkinson,1940-10-21,2022-07-09,RETAIL,BR028
C0001174,Bridget,Hernandez,1989-11-01,2000-02-28,RETAIL,BR036
C0001175,Matthew,Tucker,1956-08-04,2023-05-04,RETAIL,BR036
C0001176,Jacob,Simpson,1987-07-21,2013-11-08,RETAIL,BR009
C0001177,Nicholas,Perry,1989-10-29,2011-12-21,RETAIL,BR002
C0001178,Mark,Johnson,1955-07-12,2007-01-27,RETAIL,BR031
C0001179,Randall,Reynolds,1946-02-14,1998-01-10,RETAIL,BR023
C0001180,Andrea,Nguyen,1944-02-15,2025-12-02,RETAIL,BR038
C0001181,Charles,Ramirez,1963-04-03,2018-05-24,RETAIL,BR027
C0001182,Adrian,Morris,1966-07-08,2002-08-18,RETAIL,BR036
C0001183,Brian,Robinson,1995-05-05,2002-05-23,RETAIL,BR001
C0001184,William,Smith,1990-03-07,2026-04-25,RETAIL,BR042
C0001185,Jennifer,Thomas,1947-06-30,2018-05-19,SMALL_BUSINESS,BR014
C0001186,Brian,Sutton,1969-08-22,2026-01-29,RETAIL,BR012
C0001187,Rebekah,Hunter,2004-12-09,1998-02-04,SMALL_BUSINESS,BR033
C0001188,Juan,Snyder,1992-01-18,2016-03-31,RETAIL,BR027
C0001189,Michelle,Smith,1973-04-13,2007-05-30,RETAIL,BR025
C0001190,Theresa,Cruz,1995-01-09,2011-12-26,RETAIL,BR014
C0001191,Megan,Delgado,1967-02-14,2012-03-08,RETAIL,BR011
C0001192,Melissa,Johnson,2004-09-09,2022-04-30,SMALL_BUSINESS,BR026
C0001193,Catherine,Wang,1994-05-31,2002-07-04,RETAIL,BR032
C0001194,Christina,Oconnor,1966-07-12,2012-11-20,RETAIL,BR029
C0001195,Daniel,Hall,1966-10-22,2016-01-18,RETAIL,BR042
C0001196,Joseph,Brady,2002-07-02,2006-05-11,RETAIL,BR022
C0001197,Erica,Reed,2004-01-22,2022-06-16,SMALL_BUSINESS,BR036
C0001198,Tim,Shah,1948-05-12,2024-08-30,RETAIL,BR009
C0001199,Jenna,Kim,1986-08-29,2014-03-28,RETAIL,BR042
C0001200,Ashley,Wilson,2002-11-08,2016-05-07,RETAIL,BR006
C0001201,Juan,Chambers,1984-10-15,2007-11-09,RETAIL,BR015
C0001202,Gregory,Torres,1962-10-15,2022-07-08,RETAIL,BR006
C0001203,David,Brown,1942-12-21,2005-05-17,SMALL_BUSINESS,BR026
C0001204,Brian,Harper,1976-08-31,2017-08-25,RETAIL,BR004
C0001205,Paul,Kim,1955-01-24,1995-10-11,RETAIL,BR005
C0001206,Rebecca,Contreras,1976-02-01,2004-12-24,RETAIL,BR019
C0001207,Michael,Hernandez,1990-08-23,2000-10-16,RETAIL,BR009
C0001208,Brian,Brady,2003-01-04,2023-04-11,RETAIL,BR011
C0001209,Lori,White,1984-08-27,2022-05-19,RETAIL,BR021
C0001210,Brian,Hughes,1949-11-25,2015-09-23,RETAIL,BR042
C0001211,Travis,Jordan,1998-01-22,2016-02-19,RETAIL,BR004
C0001212,Dawn,Hansen,1944-06-02,2023-02-14,RETAIL,BR026
C0001213,Abigail,Johnson,1998-06-15,2005-01-24,RETAIL,BR005
C0001214,Veronica,Wilson,1950-04-06,2016-08-24,RETAIL,BR012
C0001215,Lindsay,Moore,2004-02-20,2020-01-16,RETAIL,BR009
C0001216,Chase,Melton,1999-04-18,2025-05-09,RETAIL,BR025
C0001217,April,Hardy,1955-11-26,2006-07-16,RETAIL,BR026
C0001218,Anthony,Alvarez,1978-04-11,2020-10-23,RETAIL,BR038
C0001219,Brooke,Miller,2002-12-26,2024-02-10,RETAIL,BR008
C0001220,Susan,Gomez,1945-09-01,2026-01-08,RETAIL,BR030
C0001221,Hannah,Garner,2000-01-10,2025-05-12,RETAIL,BR027
C0001222,Matthew,Hamilton,1944-08-21,2022-09-23,RETAIL,BR008
C0001223,Sean,Cox,1946-09-27,2024-06-27,SMALL_BUSINESS,BR017
C0001224,Richard,Moss,1970-10-15,2023-06-15,RETAIL,BR025
C0001225,Nicholas,Bell,1948-05-11,2013-12-01,RETAIL,BR002
C0001226,Tyler,Martinez,1994-01-20,2008-12-21,RETAIL,BR023
C0001227,Daniel,Medina,2002-10-01,2006-03-06,RETAIL,BR030
C0001228,Devin,Savage,1952-10-01,2019-10-23,RETAIL,BR035
C0001229,Jennifer,Thomas,1975-06-09,2006-01-30,SMALL_BUSINESS,BR034
C0001230,Lori,Becker,1942-07-25,1995-11-18,RETAIL,BR018
C0001231,Donna,Martin,1985-11-24,2018-08-10,RETAIL,BR036
C0001232,Michelle,Nelson,1969-10-29,2018-11-24,SMALL_BUSINESS,BR001
C0001233,Melissa,Suarez,1982-08-26,2023-06-12,RETAIL,BR008
C0001234,Sarah,Blake,1987-11-23,2008-03-12,RETAIL,BR037
C0001235,Nathan,Giles,1971-03-25,2001-08-03,RETAIL,BR032
C0001236,Jorge,Stanley,1954-03-14,2001-10-26,RETAIL,BR023
C0001237,Michael,Hunt,1999-01-02,2000-04-06,RETAIL,BR012
C0001238,Tyler,Orozco,1992-07-25,1998-05-14,RETAIL,BR016
C0001239,Kimberly,Knox,1995-04-24,2005-08-17,RETAIL,BR012
C0001240,Matthew,Clark,2000-07-03,2000-08-03,RETAIL,BR039
C0001241,Kevin,Bishop,1970-11-07,2021-01-24,RETAIL,BR025
C0001242,Sabrina,Cain,1992-07-11,2015-09-16,RETAIL,BR017
C0001243,Kristen,Barker,1985-03-22,1997-01-11,RETAIL,BR014
C0001244,Jeremy,Williams,1984-07-04,2005-08-05,RETAIL,BR030
C0001245,Brandon,Williams,1990-06-05,2021-04-07,SMALL_BUSINESS,BR023
C0001246,Brandon,Jones,1958-01-24,2003-07-24,RETAIL,BR020
C0001247,Nichole,Myers,1951-07-27,2001-06-25,RETAIL,BR041
C0001248,Stephanie,Stevenson,1993-05-23,2002-05-06,RETAIL,BR015
C0001249,Carol,Wilson,1977-07-08,2020-09-30,RETAIL,BR007
C0001250,Angela,Crosby,1995-11-03,1996-08-16,RETAIL,BR009
C0001251,Veronica,Jones,1967-05-07,2026-02-23,RETAIL,BR002
C0001252,John,Carter,1943-11-16,2008-09-10,RETAIL,BR028
C0001253,Courtney,Moore,1965-06-06,2015-04-10,RETAIL,BR033
C0001254,Matthew,Barrett,1958-02-16,2024-06-23,RETAIL,BR015
C0001255,Samantha,Johnson,1984-12-05,2014-05-27,RETAIL,BR026
C0001256,Austin,Gates,1990-04-15,2022-09-08,PRIVATE,BR002
C0001257,James,Cooper,1970-04-25,2004-05-11,RETAIL,BR023
C0001258,Angela,Johnson,1942-04-23,2023-09-09,SMALL_BUSINESS,BR035
C0001259,Samantha,Santiago,1984-03-05,2002-12-22,RETAIL,BR031
C0001260,Sabrina,Deleon,1960-11-06,2005-10-16,RETAIL,BR020
C0001261,Matthew,Bender,1948-09-07,1998-09-18,RETAIL,BR003
C0001262,Michelle,Taylor,1986-06-03,2022-06-17,RETAIL,BR013
C0001263,Lauren,Miller,1964-10-15,1998-08-23,RETAIL,BR004
C0001264,Emily,Drake,1994-04-29,2019-08-21,RETAIL,BR009
C0001265,Omar,Brown,1949-01-27,2014-04-30,RETAIL,BR034
C0001266,James,Combs,1972-07-09,2009-06-07,RETAIL,BR006
C0001267,Norma,Wright,1973-01-08,2009-05-09,SMALL_BUSINESS,BR027
C0001268,James,Stephens,1996-05-06,2019-07-05,RETAIL,BR004
C0001269,Charles,Thomas,1968-01-22,1996-05-09,RETAIL,BR039
C0001270,Connor,Johnson,1996-09-24,2004-01-22,RETAIL,BR005
C0001271,Donna,Rodriguez,2001-08-19,2022-09-12,RETAIL,BR031
C0001272,Joseph,Graves,1950-10-02,2013-02-16,RETAIL,BR042
C0001273,Kelly,Valenzuela,1988-05-18,2002-07-23,RETAIL,BR006
C0001274,Jimmy,Carter,1959-02-14,1995-12-18,RETAIL,BR042
C0001275,Valerie,Duke,2002-12-09,2014-02-11,RETAIL,BR042
C0001276,Kayla,Frazier,1952-09-20,2000-07-04,RETAIL,BR042
C0001277,Scott,Patton,2002-10-25,2017-07-19,RETAIL,BR007
C0001278,Caroline,Powell,1955-07-30,2019-09-08,RETAIL,BR019
C0001279,Tyrone,Williams,1992-07-11,2019-12-17,RETAIL,BR029
C0001280,Jorge,Thomas,1971-09-03,1996-09-10,RETAIL,BR016
C0001281,Nicholas,Stuart,1992-06-28,2014-08-07,RETAIL,BR036
C0001282,Samantha,Lee,2000-11-13,2022-05-03,RETAIL,BR025
C0001283,Anthony,Mcintyre,1982-06-15,2004-04-29,RETAIL,BR012
C0001284,Anthony,Powell,1979-01-14,1997-06-11,RETAIL,BR036
C0001285,Kathleen,Davis,1996-05-20,2015-01-20,RETAIL,BR026
C0001286,Ashley,Smith,1978-02-20,2008-07-13,RETAIL,BR020
C0001287,Erin,Gonzalez,1953-07-11,2015-01-18,RETAIL,BR020
C0001288,Jamie,Blankenship,1964-02-21,2014-06-15,RETAIL,BR021
C0001289,Jasmine,Morales,1986-10-29,2024-11-29,RETAIL,BR025
C0001290,Cynthia,Griffin,1969-11-06,2002-06-15,RETAIL,BR015
C0001291,Aaron,Kelly,2004-12-18,2002-07-27,RETAIL,BR042
C0001292,Jason,Barber,1959-01-26,2022-09-05,RETAIL,BR024
C0001293,Belinda,Arnold,1980-04-24,1997-05-12,PRIVATE,BR012
C0001294,Chad,Brown,2000-04-05,1999-03-11,RETAIL,BR026
C0001295,Brandy,Ward,1988-08-24,2011-07-15,RETAIL,BR013
C0001296,Victoria,Mckinney,1996-02-11,2008-08-26,RETAIL,BR006
C0001297,Carolyn,Grimes,2001-12-24,1999-07-15,RETAIL,BR034
C0001298,Zachary,Reed,1992-08-09,2003-05-26,PRIVATE,BR020
C0001299,Douglas,Pham,1974-07-21,2025-05-25,RETAIL,BR002
C0001300,Rebecca,Sharp,1960-04-14,2002-10-12,RETAIL,BR010
C0001301,Tracy,Bennett,1986-04-15,1996-03-03,RETAIL,BR022
C0001302,Brandon,Trevino,1978-06-08,2010-01-15,RETAIL,BR009
C0001303,Sheila,Brown,1971-09-16,2025-09-15,RETAIL,BR023
C0001304,Johnathan,Hahn,1947-11-16,2018-08-20,RETAIL,BR015
C0001305,Lori,Mclean,1971-07-21,2011-07-06,RETAIL,BR040
C0001306,William,Fitzgerald,1942-07-20,1999-01-17,SMALL_BUSINESS,BR018
C0001307,Sarah,Stanley,1996-01-19,2003-07-16,RETAIL,BR038
C0001308,Ashley,Jackson,1972-05-30,2020-06-03,RETAIL,BR036
C0001309,Susan,Reed,1958-09-02,1996-05-18,RETAIL,BR026
C0001310,James,Wells,1944-01-25,2020-05-29,RETAIL,BR008
C0001311,Katherine,Contreras,2002-09-17,2025-04-12,RETAIL,BR040
C0001312,Adam,Adams,1947-06-11,2001-01-12,RETAIL,BR009
C0001313,Eileen,Davis,1966-10-03,2016-04-07,RETAIL,BR013
C0001314,Jeremy,Brooks,2001-06-21,2008-01-28,RETAIL,BR041
C0001315,Juan,Davis,1961-06-12,2004-04-09,RETAIL,BR008
C0001316,Troy,Taylor,1973-01-26,2013-10-10,RETAIL,BR031
C0001317,Larry,Phelps,1997-05-30,2010-11-11,RETAIL,BR011
C0001318,Denise,Cook,1998-05-06,2004-12-17,RETAIL,BR005
C0001319,Paul,Peterson,1989-11-19,2003-12-23,RETAIL,BR013
C0001320,Bruce,Delacruz,1958-01-04,2014-08-27,SMALL_BUSINESS,BR032
C0001321,Tamara,Cox,1968-02-04,2016-11-16,RETAIL,BR040
C0001322,Victoria,Fry,1982-08-30,2003-06-07,RETAIL,BR013
C0001323,Lisa,Wheeler,1988-12-16,2020-12-08,RETAIL,BR021
C0001324,Lucas,Jones,1951-06-20,2023-08-27,RETAIL,BR017
C0001325,Thomas,Thomas,1950-02-28,2014-06-22,RETAIL,BR005
C0001326,Ryan,Miles,1988-03-16,2007-05-20,RETAIL,BR001
C0001327,Katherine,Castro,1976-12-26,2000-03-10,RETAIL,BR013
C0001328,Dennis,Contreras,1949-07-25,2003-10-21,RETAIL,BR032
C0001329,Larry,Dixon,1998-02-09,2019-10-24,SMALL_BUSINESS,BR014
C0001330,Courtney,Lopez,2000-03-06,2002-02-13,RETAIL,BR041
C0001331,John,Lewis,1962-01-15,2018-03-11,RETAIL,BR040
C0001332,Kayla,Brown,1967-03-10,2007-03-17,RETAIL,BR021
C0001333,Dale,Lewis,1945-07-12,2026-04-15,RETAIL,BR017
C0001334,Stephanie,Olson,1980-04-13,2019-04-24,RETAIL,BR010
C0001335,Dwayne,Torres,1977-04-22,1999-04-05,RETAIL,BR035
C0001336,Kevin,Wilkerson,1950-08-31,1998-01-14,RETAIL,BR017
C0001337,Caitlin,Crane,1992-07-28,2017-11-03,RETAIL,BR002
C0001338,Mindy,Solomon,2001-06-06,2005-05-22,RETAIL,BR038
C0001339,Edward,Humphrey,1940-05-01,2009-10-19,RETAIL,BR023
C0001340,Roberto,Rodriguez,1941-11-03,2008-09-08,RETAIL,BR023
C0001341,Jacob,Taylor,2003-03-25,2013-01-10,RETAIL,BR031
C0001342,Tim,Browning,1980-04-16,2017-04-17,RETAIL,BR022
C0001343,Amy,Hebert,1954-02-12,2023-10-11,SMALL_BUSINESS,BR005
C0001344,David,Novak,1982-08-27,2002-02-17,RETAIL,BR009
C0001345,Steven,Murray,1959-06-18,2011-07-24,RETAIL,BR032
C0001346,Sarah,Reid,1995-01-14,2007-01-31,RETAIL,BR042
C0001347,Donna,Christian,1956-09-13,2011-01-07,RETAIL,BR016
C0001348,Carolyn,Ryan,1971-01-19,2006-04-02,RETAIL,BR039
C0001349,Nancy,Hamilton,1974-06-15,2007-06-14,RETAIL,BR027
C0001350,Joshua,Smith,1944-10-18,2009-04-12,RETAIL,BR008
C0001351,Jacqueline,Kaiser,1953-11-25,2014-03-21,RETAIL,BR035
C0001352,Amanda,Blankenship,1964-12-19,2013-08-23,RETAIL,BR037
C0001353,Matthew,Anderson,1998-03-11,2021-01-10,SMALL_BUSINESS,BR030
C0001354,Kimberly,Griffith,1966-05-06,1996-06-10,RETAIL,BR002
C0001355,Robert,Armstrong,1990-06-08,2019-07-08,RETAIL,BR031
C0001356,April,Foster,1947-05-29,2012-07-04,RETAIL,BR022
C0001357,Lacey,Baker,1960-12-06,2013-08-03,SMALL_BUSINESS,BR015
C0001358,Megan,Conley,1943-10-09,2023-12-06,RETAIL,BR027
C0001359,Andrew,Graham,1982-10-09,1995-08-28,RETAIL,BR015
C0001360,Matthew,Wallace,1967-08-01,2005-07-13,RETAIL,BR007
C0001361,Cody,Soto,1946-08-02,2003-09-30,RETAIL,BR013
C0001362,Nicholas,Williams,1956-12-13,2008-01-14,RETAIL,BR020
C0001363,Matthew,Vazquez,1940-01-22,2020-07-13,RETAIL,BR011
C0001364,Joseph,Luna,1990-04-27,2014-05-06,RETAIL,BR014
C0001365,Peggy,Vargas,1945-12-18,1999-06-02,RETAIL,BR032
C0001366,Joseph,Lin,1954-01-08,2013-11-04,RETAIL,BR019
C0001367,Heidi,Jenkins,1958-09-21,2024-08-31,RETAIL,BR038
C0001368,Catherine,Hunt,1942-08-27,2016-09-09,RETAIL,BR012
C0001369,Stephen,Higgins,1985-11-16,2004-09-11,RETAIL,BR037
C0001370,Timothy,Anderson,2003-04-14,2021-04-15,RETAIL,BR037
C0001371,Kenneth,Soto,1990-01-18,2007-07-29,RETAIL,BR033
C0001372,Hannah,Smith,1942-10-13,2008-10-05,RETAIL,BR006
C0001373,Dawn,Hill,1996-07-18,2022-01-18,RETAIL,BR013
C0001374,Stephanie,Jimenez,1947-07-03,2023-01-29,SMALL_BUSINESS,BR019
C0001375,David,Olson,1977-05-18,2012-11-29,RETAIL,BR029
C0001376,Matthew,Turner,1940-03-05,2013-07-02,RETAIL,BR005
C0001377,Jacqueline,Bates,1970-10-01,2017-02-24,RETAIL,BR027
C0001378,Victoria,Montes,2004-06-19,2005-08-06,RETAIL,BR016
C0001379,Sheri,Gray,1999-04-20,2019-01-02,RETAIL,BR011
C0001380,Michele,Schmidt,1962-09-28,2009-01-19,RETAIL,BR025
C0001381,Cynthia,Henry,1949-02-25,2001-10-06,RETAIL,BR010
C0001382,Elizabeth,Lopez,1998-09-18,2018-10-28,RETAIL,BR005
C0001383,Ann,Hines,1952-01-25,2011-01-19,RETAIL,BR031
C0001384,Maurice,Hernandez,1971-01-01,2003-09-06,RETAIL,BR019
C0001385,Deborah,King,2004-07-24,1999-04-20,RETAIL,BR021
C0001386,Melissa,Kramer,1950-03-03,2006-08-07,RETAIL,BR003
C0001387,Aaron,Douglas,2000-06-11,2006-05-09,RETAIL,BR002
C0001388,Aaron,Garcia,1945-01-23,2004-08-21,RETAIL,BR030
C0001389,Yesenia,Mcguire,1965-05-12,2026-07-12,RETAIL,BR018
C0001390,John,Sims,1996-10-29,2022-12-18,RETAIL,BR019
C0001391,Angelica,Long,2002-08-26,1997-06-14,RETAIL,BR006
C0001392,Lori,Adams,1963-10-14,2005-03-10,RETAIL,BR033
C0001393,Michael,Taylor,1982-08-17,2025-09-20,RETAIL,BR014
C0001394,Kelly,May,1962-11-26,2001-03-24,RETAIL,BR019
C0001395,Kathleen,Davis,1991-09-01,1998-12-08,RETAIL,BR018
C0001396,Sean,Silva,1951-08-01,2020-07-15,RETAIL,BR028
C0001397,Tina,Gomez,1964-03-13,2008-03-27,RETAIL,BR017
C0001398,Angela,Jones,2001-08-02,2007-05-15,RETAIL,BR021
C0001399,Barbara,Erickson,1989-12-26,2026-03-28,SMALL_BUSINESS,BR012
C0001400,Brett,Little,2000-11-17,2010-09-07,SMALL_BUSINESS,BR013
C0001401,Kyle,David,1978-10-17,2000-12-14,RETAIL,BR026
C0001402,Jessica,Massey,1958-05-08,2009-05-22,RETAIL,BR035
C0001403,Sarah,West,1954-07-29,2016-11-11,RETAIL,BR010
C0001404,Michael,Parsons,1956-11-10,2014-06-19,RETAIL,BR021
C0001405,Steven,White,1990-08-28,1995-12-17,RETAIL,BR040
C0001406,Richard,Jordan,1986-09-16,2025-04-12,RETAIL,BR025
C0001407,Denise,Alvarez,1948-04-01,1999-09-23,RETAIL,BR024
C0001408,Morgan,Ortiz,1958-08-30,1997-06-20,SMALL_BUSINESS,BR030
C0001409,Zachary,Gonzalez,1962-09-08,2014-11-26,RETAIL,BR008
C0001410,Jennifer,Butler,2001-11-06,2025-06-07,RETAIL,BR028
C0001411,Jeremiah,Mendez,1968-09-15,2000-04-19,RETAIL,BR036
C0001412,Joseph,Mason,1979-05-01,2010-04-05,RETAIL,BR034
C0001413,Donald,Owen,1990-09-09,2013-01-14,RETAIL,BR034
C0001414,Carmen,Richards,1950-05-05,2015-10-15,RETAIL,BR021
C0001415,Meghan,Mcknight,1993-12-10,2022-12-22,RETAIL,BR012
C0001416,Shannon,Walton,1982-01-04,1999-08-05,RETAIL,BR006
C0001417,Joshua,Hensley,1950-08-06,2004-12-19,RETAIL,BR039
C0001418,Steven,Haynes,1952-09-23,2006-09-25,RETAIL,BR018
C0001419,Daniel,Rosario,1957-09-26,2008-09-02,SMALL_BUSINESS,BR036
C0001420,Amanda,Jackson,1984-09-22,2015-10-17,RETAIL,BR023
C0001421,Albert,Flowers,1968-10-27,2018-02-06,SMALL_BUSINESS,BR042
C0001422,Darren,Smith,1992-03-24,1995-04-23,RETAIL,BR016
C0001423,Tyler,Fuller,1975-07-30,2022-06-07,RETAIL,BR021
C0001424,Timothy,Garcia,1950-12-29,2003-11-14,RETAIL,BR020
C0001425,Patricia,Harrison,1962-02-08,2023-05-15,RETAIL,BR033
C0001426,Christopher,Lee,1940-04-10,2022-09-12,RETAIL,BR033
C0001427,Tammy,Wise,1986-03-29,2025-04-25,SMALL_BUSINESS,BR033
C0001428,Theresa,Morgan,1986-08-24,2022-03-25,PRIVATE,BR003
C0001429,Judy,Hill,1942-11-10,2014-01-28,RETAIL,BR031
C0001430,Carla,Campbell,1995-01-09,2019-04-26,RETAIL,BR001
C0001431,Tammy,Wiggins,1974-12-23,1999-12-31,SMALL_BUSINESS,BR031
C0001432,Beth,Allen,1998-02-03,2011-10-02,RETAIL,BR040
C0001433,Jennifer,Walls,1982-05-05,1999-02-18,RETAIL,BR036
C0001434,Jason,Lane,1949-10-12,2023-01-13,RETAIL,BR041
C0001435,Rachel,Pierce,1947-07-15,2016-01-05,RETAIL,BR004
C0001436,Andrea,Brown,1982-04-02,2022-03-27,PRIVATE,BR021
C0001437,Victoria,Davis,1996-06-07,2004-08-14,RETAIL,BR029
C0001438,Rodney,Dominguez,1950-01-07,2006-08-16,RETAIL,BR018
C0001439,Samantha,Hensley,1963-11-08,2009-11-22,RETAIL,BR017
C0001440,Melissa,Taylor,1976-10-14,2012-06-25,RETAIL,BR031
C0001441,John,Holden,1984-11-14,1996-04-30,RETAIL,BR009
C0001442,Sonya,Gibbs,1967-08-02,2004-02-01,RETAIL,BR002
C0001443,Thomas,Davidson,1989-06-18,2017-04-04,RETAIL,BR030
C0001444,Jonathan,Thomas,1954-04-27,2019-02-12,RETAIL,BR012
C0001445,Joanna,Hubbard,1966-05-12,1997-09-12,RETAIL,BR003
C0001446,Joe,Sims,2003-04-02,2022-10-19,RETAIL,BR017
C0001447,Bradley,Anderson,1998-08-15,2002-02-11,RETAIL,BR008
C0001448,Sally,Black,1968-07-15,1998-01-15,RETAIL,BR018
C0001449,Shawna,Frank,1957-07-28,2017-03-13,RETAIL,BR027
C0001450,John,Fox,1958-04-12,2024-09-16,RETAIL,BR018
